comment,
坐标南京，快死在这了,
我找了半天银川,
寒潮大boss来了！,
秦岭很长吗,
南昌抗住,
已经感觉到苗头了,
还等着降温下点雪呢(南方孩子想要感受一下雪),
我想回家了,
谢谢  让我第一次感受到-5°,
还是睡觉好,
北京今天感人,
陵水21度,
十三简直浪,
后天四度,
今天我穿的可多了，但我8点出门觉得气温还可以,
温州11度,
现在是十七度,
我家在中间那个圈圈里,
长沙冷别下雨行不行,
黑龙江居然没有影响,
…,
坐标内蒙古，表示不想出门了,
手都哆嗦,
大风昨天已经刮了一晚上了，呼呼的,
最深的那个shai,
好热广东到底降不降温了,
坐标成都，没什么感觉！,
老家重庆的小伙伴都说冷到不行了，怎么还是黄色,
我家橙色 感觉像是红色的,
每天早上起床越来越困难啦,
好家伙 东北直接是呼啸山庄,
快要降温了注意保暖,
安徽北部啥时候能供暖？,
就这，我们学校还要体测，夺笋呐,
合肥,
合肥,
今天还是暖和的一天,
cloudymonkey 屁颠的小黄仙儿 我们在极寒模式中心跨年,
跟哈尔滨一个色,
橙色的，目前17度,
呼和浩特市都快黑了,
下雨啦！,
。。。,
期盼着这场寒潮能带来雪花❄️,
重庆虽黄但蓝！！,
晒个袜子，六天都没干,
……,
……,
我还是乖乖待在宿舍跨年吧,
转发提醒!,
我家在南宁，你们说呢,
我已经活不下去了,
我家终于要降温了！这个没有雪的冬天,
今天我家这下大雪了,
宝蓝色,
今天没给我吹死,
怪不得我还没到家我妈就开始给我买棉裤,
跨年还是乖乖待在家吧,
有供暖 我不怕！宅家避寒,
早上感受到了,
上班太苦了,
23度,
27度,
27度,
23度此时,
今天我这27度,
刚暖和两天又要降温了,
我家 嗯 就被包围那,
我家被夹住了,
广西今天20多度,
疯了,
早,
在浙江的我此刻想回贵州,
今天广东也降温了,
这里是你的可爱 降温了。,
上海中了吗，刚说这几天温度是不是回升了……,
啊这,
准备开始了,
中间那个,
，,
。,
。,
来了,
大家注意,
啊这,
哦哦,
？,
等着了,
嗯,
。,
。,
嗯嗯,
嗯,
了解,
哎呀,
唉,
来啦,
嗯,
呃呃,
注意啦！,
哎！,
来吧,
你在吗？,
？,
这合理吗,
嗯,
大家注意,
就,
哇,
不要啊 ,
哇,
就这就这,
哈哈,
不得了,
。,
来吧,
哦,
唉,
来了,
来了啊,
来了,
知道了,
呼伦贝尔的娃娃哭了,
2020的最后一周，你准备怎么过呢？在户外跨年的小伙伴要做好保温抗寒的准备哦！,
暖三色我家这边都有呢,
降温啦，大家要记得要多穿衣服哟~,
黑龙江呢，黑龙江人民表示不服,
目前还是18度以上 ,
成都-2,
请把我们江苏划为北方吧～,
想回我-32°的张家口,
妈耶，最深。就窝家里哪都不去,
你明天再看看广东这边，会很不一样,
啊这..,
以后是老板 不得了,
还没，今天18度,
？？？黑了？,
感受到了 ,
已经感受到了,
已经感受到了,
已经感受到了,
Tuffy- 穿多点亲爱的,
竟然还在橙色区域，窗外已经在刮大风了。据说明天跳崖式降温,
上海配吗？,
作妖ing即将开启,
南方小伙伴还是担心自己吧，北方颜色很深，但是供暖啊,
广东十度以下会“死人”的,
kayi_ss 做好御寒工作哟,
快了,
快了,
��🥶🥶,
重庆黄有什么用，感受是蓝,
遵义 一个黄的但是体感蓝的 的地方,
大山西表示，太难了,
后天后天,
2天而已啊,
我家白色,
太难顶了,
外面风好大啊,
外面风好大,
广东人民觉得东北人民太不容易了……,
武汉这个位置也太,
最深的色没跑了😔体感都知道了,
12-14℃还是挺正常的,
吓死了,
啊然后就死了,
记得添衣,
广西今天22度,
俺家那块快黑了,
靠发抖产热，忍不住想跑个五公里,
呼和浩特你怎么了,
��,
��,
青岛,
麻烦,
福州今天24° 明天跳楼机式的降温,
新疆乌鲁木齐的报道,
早上好,
早上好！,
早上好,
早上好,
早上好,
听说海南明天也要降温了，赶紧下单买了件大衣，不知道还来不来得及🐶,
云南今年好像都没怎么蓝过,
冬天真的来了,
冬天真的到了,
7-负2,
煤炭煤炭 电力,
我们家浅蓝色,
这几天上海晚上我就有点受不鸟了 下周怎么过,
大同完了,
粤北冲！,
第二档,
今天1度,
天…,
我家是整个东北最温暖的地方,
小心你家里的水管子,
不,
哦不！,
广东今日最高27度最低也有17度,
浅蓝吧,
浅蓝,
浅蓝,
浅蓝,
浅蓝,
浅蓝,
浅蓝,
浅蓝,
Kuailuo- 大衣已备好,
这天气变化的太快了,
#NAME?,
安徽浅蓝色,
平平无奇哈尔滨,
31号刚好结婚呢,
武汉扛住,
我~准备好了,
我们准备好了,
东北来杭州玩，太热了，受不了,
那必然，最黑那块,
我搞，杭州，要死了,
坐等降温 烤火器已备好,
又把大连给抛弃了,
我不信,
冬无极寒夏无酷暑,
明天,
上海蓝的很真实，这妖风配雨夹雪真是一绝,
马上要降温了，大家注意保暖,
马上降温了，注意保暖,
武汉降温会下雪吗？上次的雪还没积起来就化了,
南方为什么不供暖！！！！,
放过安徽吧，我年纪大了扛不住,
听说明天最低气温5℃，但是现在是21℃,
今天深圳最高温25度嗨“第四声”还以为能降到0度感受感受,
我家。。。现在24度。。广西,
在沈阳的我要不行了那风大的,
各地都要注意防寒防冻,
今天我们这里温度2位数。,
多穿点儿,
颤抖,
今天暖和了,
浙江唯一的那一点黄就是我家咯,
看不清楚,
就这？安徽的雪都停了,
开始刮大风了！,
山东是个好地方,
哈哈哈～我12月30号结婚,
真的猛吗,
后天即视感,
黑龙江啊,
黑龙江,
我这辈子都没遇到过,
好家伙 郑州,
新疆🙏🙏,
天呐,
天呐,
晚上下班 矿泉水没喝完得带回家喝..放车里 第二天早上就冻住了喝不了,
天哪,
天哪！,
我的天,
天哪,
天,
我的天,
我天！,
天啊,
我们可太难了,
吉林,
吉林,
吉林,
吉林,
可是今天广州穿短袖都可以不敢相信明天速冻,
伊春此刻-30℃,
外面-13°，家里26°,
就，广东变脸变得挺快的,
佛山下午25度，现在14度,
啊这，江苏上海顶不住啊,
东北还好,
2度,
对于2020年的猝不及防和寒冬，天气是不是在提前预告，2021年有过之而无不及[加油][加油],
��,
颜色比较深,
14度 此刻,
在江苏上学的南方人受不了了,
广西今天降温真的挺厉害的,
别说了，最近南宁又要降温了,
明天！！！我准备好了我准备好了我准备好了！！！！！,
最深的辣个,
昨晚已经感受到了,
放过合肥,
希望成都成蓝色啊 雪啊！！！,
长沙真的是,
还没降温我就穿上了厚羽绒服，降温后我该咋办？,
青岛在降温下雪啦！,
天寒该加衣了,
好家伙,
天津,
天津.,
还行，东北也就正常温度,
在黑龙江，你说呢,
中央气象的十五天天气预报还是挺准的,
我家快热熟了🙃,
遭不住重庆了,
晚上好,
大东北,
北京还好,
我有些时候感觉贵阳真的是个很神奇的城市,
竟然没有哈尔滨,
冻得发紫，注意保暖哈,
颜色分不太清楚,
重庆在一堆蓝里 花了个圈？,
现在知道哪里是北方，哪里是南方了吧,
明后天在浙江应该会抖成筛子吧,
四川这边，我被降温抛弃了吗,
降温不下雪,
孩子哇的一声哭出来,
江西被蓝色排除的那块,
西安觉得还行，就是没有大雪,
霸王级，这个形容厉害了啊，,
我家黄色区域，明天5到14度,
刚被冷醒的,
没敢出门,
现在大风呼啸而来了,
今天浙江9度嘿嘿,
饶了上海吧,
广东倒是期待冷空气啊,
浙江十全十美的避过了降温,
大风加降温，不想出门了,
浙江 ,
内蒙古 黑色,
只有我觉得哈尔滨并不冷么,
黑了……,
重庆绝对可以标蓝色了,
我的妈呀，待在家不出门了,
广东这两天穿单衣，中午可以穿短袖，等几天估计就非常冷了,
雁门关-15/-25,
红到发黑,
红的发黑,
东北 飒,
厦门也快要降温了,
吓尿 霸王级,
这么一看。哈尔滨没啥影响,
从北到南……冷酷到底🥶🥶🥶🥶🥶🥶🥶🥶🥶🥶🥶🥶,
黑了,
黑了,
黑了,
黑了,
黑了吗,
黑龙江🙉🙉🙉,
据说中午大降温 要穿厚点啦,
今晚8点见,
千万不要再添点儿刮风,
最深的,
我去，我家是最深的那一块,
太恐怖了,
惭愧，海口的，天天喊冷来着,
在淡紫色里,
我重庆 不好说,
快来重庆躲避寒潮啊,
就是最深那个颜色,
最深的颜色,
最深的颜色,
最深的颜色,
颜色最深的那个！,
河北等待你的到来,
我这晚上9点温度18度,
－23°,
Tututyu-Kakaka,
-16℃——-20℃,
-24～-28,
数九寒天,
-12～-10,
Zoe-YR_,
－12——－10,
Coshh-,
RIS-icon,
紫薇，是你吗？,
And-Purple-Orange,
紫蓝色,
-26°,
到河南了,
令人发紫,
-21°,
－20~－12,
-20℃,
-16℃,
-16～-20,
4-8°,
3-5℃,
JIAAA-,
0-4℃,
1yuu-u,
YUxy-,
红得发紫,
-18℃,
-16～-12,
准备挨冻了,
我隐约看着济南那不是个紫点点吧,
我大太原却黑却黑滴！,
好吧，不出门了,
不敢出门了！,
15度,
目前15度,
看完这个蓝色，我觉得我色弱,
快黑了,
快黑了,
今天24度，明天10度,
呃目前 21度。。。,
看成中东了,
哈尔滨,
哈尔滨之上都黑了,
东北太惨了吧,
广东真的速冻 下午还穿短袖晚上就穿上棉毛裤了,
18度现在,
大理天气一直很好啊,
2020真狠！,
-30🥶  想辞职,
20度刚刚好,
今晚寒潮抵达,
天冷添衣,
江浙这是要速冻啊，要买保暖衣服吗？,
今天25度明天5度,
重庆贵阳🐮 🐮🐮🐮   寒潮奈我何,
阿喜是美娃-,
哦，已经开始停电了，淦！,
江浙沪哭了,
降温了～大家记得穿秋裤～,
坐标广东清远，看着寒朝预警现在感觉像是温水煮青蛙，太阳晒着晒着就冻住了！,
0-4度，但是也不会下雪啊,
天气骤变 记得添衣哟,
要扛不住了,
我扛不住了,
扛不住,
山西我们完了,
内蒙古0下16,
广西已经开始降温啦,
哈尔滨真的是深到看不清的地步了。,
江苏哭了,
22度,
突然降温 广东哭了,
我哭了,
冷成了橘黄,
重庆夏天热死人冬天冻死人,
感觉冬天和拉萨没什么关系一样,
负12度,
降温了，真正的冬天来啦,
降温了：冬天要来啦。,
寒潮来袭！！！,
昨天15度，今天5度。,
降温了，更不想离开被窝了。,
变绿了，元旦放五天,
广冻人就要来了,
提前回家，要不然冻住了就回不去了,
成都降温感受很明显,
寒潮要来了！,
寒潮来了,
寒潮继续！,
Morikawa-茉莉 瞅瞅吧…,
所以贵州真正的冬天来了,
不能把广州干下雪的寒潮都不算霸王,
这蔚蓝的天。。。,
北京,
广西这两天也开始降温了,
这几天零上温度,
黑龙江  黑了,
下礼拜辽宁负二十几度了,
辽宁-19℃,
-35°c呼伦贝尔,
好家伙，上海直接裂开,
完全没感觉,
13摄氏度,
王怜花爱吃瓜 又要降温了,
广州马上要降温了,
知道为什么东北颜色浅甚至是白色吗因为已经没有降温太多的余地了,
重庆虽然是橙色但是跟蓝色没啥区别,
降温到是降了，就是不见下雪,
今天31度,
出门冻裂了,
坐标呼伦贝尔，诶嘛这个黑,
内蒙古,
哈尔滨已经没有进步的余地了吗,
-26路过,
我以为是中东地区,
海南岛你能不能尊重一下寒潮,
寒潮预警升级为橙色！寒潮来袭，大家做好御寒的准备了吗？,
早上起来差点没冻坏 ,
周大贱贱zzj 要降温啦，多穿衣服,
国际庄现在-10℃，还好还好,
最近的窗户啥都看不见,
大重庆被寒冷包围,
有降温了吗？好不容易才暖和几天,
10度，真的是满二十减十,
也就是浅蓝色吧！只不过是有印象里面挺冷的了，去年前年没有这么冷过,
广东冬天天气不是热到要死就是冷到你哭,
都快黑了,
绵阳冻的很，可还是等不到雪,
TiAmo--贰拾贰,
哎呀我家还挺蓝的,
福州蓝了,
-10还好,
还好还好，浅黄色不过也瑟瑟发抖,
有点吓人😱,
今天我的家是淡蓝色的,
欢迎大家到黑龙江来避寒！而且我们有暖气,
重庆的我马上要扛不住了,
哈尔滨路过-39度,
这么早就上班吗,
蛋黄色，我怎么觉得冷得发紫！,
北方降温那么多有暖气啊，南方就是自己解决,
寒流来袭，注意防寒,
寒潮来了一个都不能少,
冰箱都比天气暖,
我图雄鸡都冷的戴墨镜了嘿,
寒潮已杀到了,
寒风呼啸了,
都黑了,
二十多度,
冷成黄色,
是真的冷冷到不想从被子里爬出来,
南昌突然降温。。。我刚买的裙子。。。又不敢穿了,
过两天我看了 浙江满20-15 我等着了,
大降温,
这天气就跟疯了一样。。明天立刻降温，过几天又出太阳,
你就说，成都下不下雪嘛,
荧光...绿？蓝？这是个什么色,
-21℃,
蓝得发紫,
-12℃,
哇哦 青了,
-24～-20,
蓝得发紫,
紫得,
这寒潮有点上头了,
今天24℃，明天-3℃,
淡紫色的，大棉袄要出山了,
寒潮来袭,
寒潮来袭,
寒潮来袭！,
东北冬天不就这样吗，淡定点,
寒潮预警升级为橙色明天开始上海沦陷了……,
内蒙古乌兰察布……,
是的 福建下礼拜周三开始降温 这两天都还25°左右,
家里深蓝色工作地被重庆开了结界哈哈哈哈,
内蒙古啊，哼，我不骄傲,
我们家冷的看不见哪里是我们家了,
带黄线的那个叫什么蓝,
广西持续降温……有雪就好了,
0－4度,
－12－－16度,
合肥真的太奇葩了,
没有，我家还22度,
赶紧洗狗,
南方没暖气真的好难受,
重庆没有降温也没有大风,
要零下了，厚衣服没有啊,
什么时候广东也能变蓝色,
重蓝色,
懒癌患者谢珺_ 要降温咯,
要降温啦！及时加衣呀,
哈尔滨，黑了,
呼和浩特 -24℃,
10-8 8-4,
急速冷却！,
要冻岔劈了,
就挺冷的,
挺冷的,
��,
就是挺冷的,
广东即将上演一夜速冻还是看不到雪的那种！！！,
我现在室内23度，一下要降快20度我可能要没了,
浅蓝色，但还是挺冷的🥶🥶,
王霸级寒潮来袭,
广东今天17-26度。明后天就难说了,
我躲在冰箱取暖,
不太想去东北了,
长沙是蓝色的,
要减肥！真的！,
内蒙即将被统治,
妈耶 紫色还真的是第一次见？ 俺还在橙黄色…,
寒潮预警升级为橙色,
Cynthia-小婷 快了,
为明天的降温做准备,
问一下，降温的话，有没有搭配艳阳高照？我沙发垫还没干,
东北滴,
重庆安全我受不了温度更低了,
看成中东地区,
明天-22℃,
重庆夹缝中生存 求求重庆直接下雪吧 说不定下雪还没这么冷,
人家降温都是一步步来的，广东是一夜降温,
多穿点，南方抗寒靠厚衣服，,
西藏的暖 你值得拥有！晒着太阳，喝着甜茶……天冷了，洛洛提醒大家注意防寒保暖哟，要风度也要温度,
这次降温跟黑龙江没什么关系,
变成粉红色了,
重庆已经十度左右了。还降温,
感谢秦岭，让成都的我可以不被冻死,
冷空气来了，大家做好保暖,
你的寒王,
你地寒王,
你的，寒王,
气温骤降,
大沈阳此刻-20,
跟16年一样？,
不亏是我大东北颜色，我的脸冻得就跟这图上一个色儿,
南方下雪 北方冰冻,
女网警说 小伙伴们注意啦！跨年霸王级寒潮就要来了！局地降幅16℃以上！外出一定要注意保暖啊！,
四川没有降。哈哈！,
赠予漫长的时光 要不要来避寒哈哈哈,
昆明人已经开始害怕了,
粤北冷是真的,
浙江开始下雨刮风了,
看这图都觉得寒气袭人！,
我在哈尔滨光腿,
寒流来了刚好，刚好可以把你手放外套。,
无锡哭了,
温度降了，就是没看见雪,
我们家乡是蓝到不能再蓝的区域,
-想名字好难 降温12-14°,
虽然天气寒冷，可我的心火热！考试人！加油,
冷成黄色……鹅毛大雪与我们无关,
武汉今天最低-5℃明天最低-7℃，今天划大风，还下了好大的雪,
深红色区域前来报到一时之间不知该穿什么好，毕竟从没这么冷过,
天蓝色，快被吹跑啦,
谢邀，黑了,
我们这降温了,
突然降温了,
有要降温了,
没有降温,
降温了,
降温了,
要降温了,
又要降温啦,
降温了,
降温啦,
突然降温,
又要降温,
降温啦！,
降温了,
降温了,
是的，要降温了,
又降温了,
又要开始降温了,
又要降温了,
降温了,
要降温了,
降温,
我们要降温了,
居然还有下降的空间？,
沈阳在哪儿呢,
0-4,
寒冬腊月,
0-4,
扬州明天-9°C,
这降温，江苏的我要没了。,
藏蓝色。。。不点大图我都看不见城市的名了,
我都看不清我家在哪里了,
已经快吹傻了,
我家那为啥都是白色的，是因为没有降温的必要了么？,
长沙……都发紫了……要命啊,
我大浙江真的太难了,
海口听说今天开始降温,
14-16档,
南方小伙伴现在真的需要暖气,
今晚就开始降温了呀！,
变黑了,
江苏表示魔法攻击已经来了，,
南宁昨晚开始刮风降温了,
在家等着寒潮到货,
内蒙古的我-28--24,
济南这天要冻裂我,
藏进这个世界边沿,
寒潮越不过秦岭和大巴山,
-30℃飘过,
东北好黑,
Sukoool 又要降温咯乖乖,
深圳听说元旦最低气温6度,
啊啊啊？啊啊啊？,
发黑了,
发黑了,
已经变成蓝色的了,
茄子🍆色,
寒冬来临,
寒冬来临,
太原31号-21度？？,
骤降14-16°c？？我没了,
南方降温了,
是该说深蓝色呢还是群青色呢？,
还好还好，也就零下十五六度吧，出去也就像没穿衣服吧,
对不起，下午上班办公室还开空调吹冷气不是暖气,
快成黑色了,
寒流来了刚好。,
我家最深了,
寒流来了,
已经30号了，深圳早上起来确定并没有降温,
骤降18度,
后天浙江大降温,
我家是那个颜色最深的,
零下25度了哈哈哈,
也就8-10度，还是大,
哈尔滨都快黑了,
我们是4-8度的那个,
还行，普通蓝,
济南降温10度+,
还没感觉到降温,
明天开始降温了,
明天就开始降温了,
明天降温啦,
还好还好，只是深蓝,
重庆就好比不结霜的急冻室！,
坐标，合肥！未来几天降温可能达到18度,
我家快黑了,
今天21度，明天10度，,
脑瓜子吹的嗡嗡的,
好家伙，我长春就是灭霸本霸,
蓝色,
蓝色,
蓝色,
蓝色,
蓝色,
蓝色,
蓝色,
蓝色。,
蓝色,
蓝色的,
蓝色,
蓝色,
蓝色,
蓝色,
蓝色,
蓝色,
蓝色,
蓝色啊,
你看到的我是蓝色的,
蓝色,
哇！大范围、大幅降温！,
此时的广州的风哪里是寒潮冷风，明明就是台风，窗户都要吹走的节奏,
据说成都下周也会迎来新一轮降温！,
-16到-12,
开始正式数九寒冬了,
现在潍坊-13℃,
-11℃一-19℃,
明天要是降不到这个温度怎么说？,
山东平度降温还没有到来。,
我大荆州怎么变咖啡色了不喜欢冰雪天气啊啊啊啊啊啊啊啊！！！,
南方也应该到开冬天模式的时候了。,
我家茄子色了,
最好冷的季节,
还好，只是发蓝,
我看成寒王要来了,
看成寒王了,
昨天下雪了，今天温度零下了,
-21报道,
后天天寒地冻。,
就那个颜色最深的就是我家温度但室内温度就温度最浅了,
徐州…蓝了,
长春,
准备好过寒冬腊月的日子。,
晚上会不会冻醒,
白天20几度，晚上30几度,
北京快被风吹傻了,
天哪！我以为不会降很低的温了，希望放假的时候不下雪！,
徐闻GFC -LINSHIJIE-,
-玲玲衡笄-,
过期的蛋黄要冷藏,
明天要断崖式降温了,
哈尔滨没降温，挺好,
-7℃，爽一下,
寒潮来袭，大家记得添衣加赏啊,
西安那里应该是因为秦岭 气温线扭成那样,
贵阳零下四度到零度,
寒潮马上就到，赶紧穿好棉袄、羽绒服、秋衣、秋裤、加绒袜子打底裤、皮毛坎肩大围脖~~~,
在东部的我，做好了准备，硬抗,
拉萨不降温？,
你 滴 寒 王,
却黑,
雾霾蓝吧,
零下9度正在下雪❄️,
新一波降温要来了,
可不要再降温了 现在家里的暖气简直供了个寂寞,
我们这边早上－26，下午又是－22,
天呐，活这么大，表示从未这么冷过,
今年冬天终于感到了寒冷,
我是小熊饼干干 桑yuanyuan- 姐妹们挺住啊,
今天-10，明天-13,
最蓝色,
温度不算很低……暴雪了解一下,
南昌30号零下三棉裤在买了在买了,
有点像送新年寒潮礼物,
蓝色绝了,
北京-17℃,
湖南今天突然降温,
我家呼和浩特，就你们看见的最大的那片黑不溜秋的,
找不到我家,
呼吸开始感觉鼻子里结冰,
都快发黑了,
寒 潮 压 境,
好家伙我在红色区域，不下雪的降温都是耍流氓,
好家伙我在红色区域，不下雪的降温都是耍流氓,
超强寒流来袭，棉裤棉袄御寒。,
乖乖下周要降温了！,
贵阳零下一度，有暖气，不怕,
重庆是怎么肥事？？白受冷了还看不到雪,
不要降温，我的小野猫们怎么办,
我们家都紫透了,
坐标黑龙江，零下25℃你能信？？？,
天蓝色,
天蓝色,
天蓝色,
重庆和四川的不配拥有冷空气,
今天最高28 明天最低可能5,
四川不能再降了，要穿羊绒被出门了。,
家里零下10几度了，但是我现在在厦门,
降温顺便下场大雪吧,
我们家冷的找不到,
就在最东部，要命了,
有幸在降温幅度最大的地区,
我在家上个厕所都感觉到了寒意,
好家伙 下周18-12=6°,
郑州蓝,
上海每次还只降温不下雪，太耍流氓了,
安徽快降温吧下雪下雪！！降温14度！！,
沈阳-23°,
我们大西北寒冬腊月要来了,
初雪过后 真的是天寒地冻,
合肥降的好狠啊,
降温了要多穿衣服了🥶,
今早就是被冻醒了地暖，室温23℃，盖着羽绒被子，被冻醒了,
冷到起床上课都困难,
我家还是蓝色,
浙江唯一一块淡黄色吧，但是温度从早上24降到现在8度了，得蓝色了吧,
咋办？现在已经穿羽绒服了，再降个十几度该穿啥,
又降温！我的长羽绒服看来必须出山了！,
台湾这个周三温度整个下降到个位数,
降温10到12,
我家冷成黄色今天最高23度,
转发提醒：跨年霸王级寒潮就要来了！局地降幅16℃以上。洞见计划,
河北小学快放假吧,
冷得发紫了,
冷得发紫,
冷天,
太原居然降这么多 饶了我吧 孩子已经够冷的了,
今天你蓝了吗,
蓝了,
蓝的,
看来老天爷要用“寒潮”来结束2020年🙃，冻个透透的,
北京是挺冷的.在家没出门.家里暖和啊,
东北天天战严寒,
多吃才变胖 大降温,
要魔法攻击了Christophe-Yeh,
康康哥爱种树 这个降温还真挺可怕的,
不用怀疑 颜色最深那就是我家/黑龙江✌🏻,
这图有点吓人🥶,
我就知道安徽逃不掉,
光降温不下雪就是耍流氓,
降温跟我一点关系没有一样················,
8到10度……,
重庆：发紫那块究竟怎么活,
是我喜欢的蓝色,
冷空气即将来临，要注意防寒保暖哦,
湖南降温预警 ,
杭州风好大呀！10几度降到负位数就用了几个小时！,
宿迁下大雪了气温陡降，爽,
目前-21度,
-25度,
冷空气来了，大家注意保暖,
最深的那个蓝色,
最深那个蓝色,
黑龙江：我早已没有可降的余地,
坐标广州，我刚买大衣就升温，终于能穿新衣服了但是好像也没有很冷，还喜欢买好看的棉衣，扎心,
-24～-20好家伙回家怕是扛不住了,
预报28-29差了15°,
俺家蓝色,
蓝色多瑙河,
c蓝色,
蓝色拼贴,
湖蓝色,
冷成了白色，，，,
最强的色儿 😂,
啊啊啊啊啊啊,
天7天6,
零下21℃,
亲娘嘞！合肥的天真是雪上加霜，对我这种体寒的人来说真是一种折磨啊。,
天，jio得自己要冻坏,
降温可以，只要不下雨啥都好说。,
上海明天开始就降温啦,
上海今早还行，下午得要下雨大降温啦,
广东潮州今天26°，目前开冷气中🙃🙃,
-30多摄氏度笑了,
虽然外面零下16，家里仍然29度短袖,
冻透了,
冻透了,
零下20度。不过还不错，正常,
零下23一点都不慌,
不下雪的降温，都是耍流氓,
看那深浅不一的蓝，本苏州人还能抱着热水袋苟一会儿,
两极分化嘉颖-jyyyyyyy,
天蓝,
昨晚就开始大风降温了,
最冷的冬天要來了，怕冷星人想冬眠,
真的降温吗,
真的降温了,
山西北部今天零下27℃，家里暖气接近28,
武汉深蓝色，暖气安排一下嘛。,
看了下我们还是一片白呐，是不是海拔太高了冷风吹不上来呀？,
霸王级寒潮,
回家就蓝了,
小葉yanyan 我愿称之为你滴寒王,
今早居然还行，下午得要大降温啦,
蓝色！今天还是不冷的,
都冷成这样了，不下点雪不够意思吧,
能超过2016年的寒潮麽,
冻得发紫 恨不得裹着棉被去上班,
跨年霸王级寒潮就要来了！局地降幅16℃以上,
山东今天断崖式降温…现在零下12度，不过家里有暖气，24度,
零下五度下雨且没有暖气,
我们这明天零下七度。都要注意保暖。,
今天早上屋里洗脸盆结冰了。那些室内十八度还嫌冷的地方。让我们怎么活;,
别降温了，求求你下雪吧！万籁寂静的雪花世界,
降温太狠了,
江西  蓝色   扛不住,
降得太厉害了,
零下24,
蓝色啊蓝色 我们这里今天下了好大好大的雪,
呼和浩特零下26啊26！！！！那风刮的好像后妈的大逼兜似的！！！！！,
寒潮快到洛阳时生生拐了个弯2020年最后一场雪没戏了,
降温不喜欢，下雪的话特高兴,
波司登极寒准备好了，妈妈做的棉裤也到了,
全世界开始降温了,
_琥珀桑_baekhyun 又要降温了,
-8到-4,
踩在蓝绿线上,
呼伦贝尔-30摄氏度,
上海马上就降了,
-21摄氏度,
-25摄氏度,
银川明天零下23度，屋里有暖气，好过一点,
藏蓝色 wdnmd,
寒冷终于忍不住要来了,
零下二十几度还不下雪 就问离不离谱,
中山 此刻 冷成穿短袖短裤的颜色,
下周我们老家夜晚的最低气温将接近-30°C,
广西明天最低8度 ,
这还没腊月数九呢 怎么就-30度了呢,
体感温度-27℃，坐标唐山,
WaihKk577- 但怕裹个貂,
不懂球的球迷2333 要降温了穿厚点,
因为不想被看见 可怕,
下午降温了，上午还有十一度,
南昌冷到无所谓，关键风大啊,
广东的我还没反应过来就被速冻了,
拉达克附近好蓝啊！三哥还能扛多久,
快成最深的那个颜色了,
有个规律，每年年末最后几天都是降温天,
广东也冷的发抖,
荧光绿？还是荧光蓝？,
做作的天蓝色,
红日接待所 哈尔滨已经降无可降,
好想知道紫色的朋友们穿的什么羽绒服,
重庆要零下几度呀,
我家就在颜色最深的地方，他叫张家口……,
为什么重庆人民感动十分寒冷,
粒粒粒粒莉儿 主意防寒,
要降温了😱,
马上又要降温了,
嘘英俊 害怕,
情景:厦门的中午，冷空气: 我是谁我在哪？,
找到了 水蓝水蓝的,
广东今天25度，每次寒潮来袭的前几天，珠三角都会有一次相对的高温天气,
静静的听雪❄️落下的声音，坐标-贵州,
湖蓝 坐标青岛,
20几度不是闹着玩的，突然降温,
极寒,
最深的蓝！,
我们这里下个星期要零下五度了,
冷成我昨天开空调睡午觉了,
江西降温好多,
��,
��,
��,
Tiffany蓝,
湖蓝,
淡淡蓝,
我家蓝色,
我家蓝色,
感受到冬天的寒冷了,
4-8度我都顶不住了，-28度室外怎么活,
我以为很冷，其实我还穿着短袖短裤,
十二度,
乌漆麻黑一片蓝,
为什么不等我跨完年再寒潮,
吉林-四平-15c°_-25c° 报告完毕！,
广东这个冬天，格外都冷，才12月，就不能穿短袖了，要开始穿 长袖了,
吓人,
吓人,
少女梅超风Lejea 害怕拉了,
上海降温重灾区,
沈阳明天-22℃,
天啦，要降温12度左右,
第三档蓝,
-12℃ 窗户都结冰了,
今天的风好大 呼呼的 零下八度了,
蓝色💙,
遇见西南医科大的时光 我们的故事从忠山开始 天冷加衣哦共青团西南医科大学委员会微博,
我家冷成大海的颜色,
-24至-20,
降了20多度,
�� 🥶🥶🥶,
寒潮蓝色预警,
福建一夜速冻,
零下23,
不喜欢冷天,
真觉得无锡挺冷的,
嵩明也是急剧降温12度,
零下26度了,
数不尽的星空丶 真的会有零下20度嘛,
冻得发紫,
冻得发紫,
冻得发紫,
我也就冻得发紫,
冻得发紫,
普蓝色～眼镜上的雾气变成了霜花,
我的耳朵嘞 把耳朵保护好，别出门,
川渝主要是火锅把冷空气熏走了,
大棉衣大棉裤准备好，这么难熬的一年都熬过来了，千万不能冻死在2020的最后三天,
紫气东来！,
瓦蓝瓦蓝的,
紫气东来,
妈妈我害怕,
哇，紫气东来,
重庆体感温度4度,
我们白着呢寒潮上不了青藏高原吗,
笑-点-低 你滴寒王！,
成都这边降温啦🙉,
希望2008年的那种雨雪冰冻灾害不要再次降临,
31号去考科二，给我降温😓,
杭州降温16度以上，,
湖南降温又刮风,
山形瑞秋y-,
长春此时-29度,
我们家冷成了橙色,
极速降温，我的感冒感觉要拖到明年了,
可怕,
可怕,
可怕,
可怕,
可怕,
发抖,
也就最低温-31℃吧明天晴天，最低温-32℃,
重庆好像还好。。没到零下,
好吓人,
寒流再次来袭！,
笑死 哈尔滨冷得发紫,
今天早上零下24度,
西安-7 ,
坐标哈尔滨，零下24,
_15度，这些年来也没这么冷过,
最高18度最低6度,
北上都冷得发紫，我福建还可以🉑 ,
重庆的我显示是淡蓝色，感受是绿色,
第三格蓝色,
本本ln 太可怕了！！！多穿衣服,
重庆表面上7度，实际上冷得跳jio,
冷到这时候能把我叫出门的都是真爱 （老板除外，老板那是爸爸）,
早上起来并没有感觉有降温，坐标广西桂林,
内蒙古二连浩特市 －35℃ 来搞一下就知道了,
？降温十四度？,
天呀，北部都冷得发紫了,
零下咱俩27,
害怕,
害怕,
害怕,
害怕,
害怕,
马上就要降温了,
青宁亦木 可怕,
还好，淡蓝色,
发蓝了,
我们内蒙感觉快黑了,
小k喜欢梅花鹿 要降温了,
寒……寒王？,
蓝色～～～,
速冻佛山人,
虽然重庆是黄色的，但我的体感是蓝色的🥶,
好可怕,
我家蓝了,
大同过几天都是-16    17到-22    23,
我终于能见识下零下的感觉了谢天谢地,
零下33℃,
零下22°,
广州人民表示会不会又是一个不合格的冷空气？,
降温16是认真的么,
大连 中雪 大风 降温,
半夜冷醒了一瞬,
冷天正式来了,
蘑菇蘑菇不会开花児 降温啦,
又青又蓝,
哇蓝哇蓝的,
广东速冻,
哈尔滨：已经没什么下降空间了,
今天确实降温了不少,
我这里冷成黄土色了,
我们大合肥没有暖气呀，感觉好可怕😱,
哎呦！渤海湾这一溜儿小刷子，要降温了,
广东准备好了电热毯来吧冷空气,
广西柳州今天20度，降个十度也没什么,
很蓝 只能是这么说了,
冷空气的帝国坟场，川渝一家亲,
即将到来的断牙式降温,
马上降温啦，御寒物资准备好了没有,
成都要零下三度了，但还是不下雪,
最浅的蓝色（—8~—6）摄氏度,
北京很蓝…,
马上呼啦降温,
重庆真是蓝色里的一股清流,
黑蓝黑蓝的,
Yy子- 有点害怕,
最深的蓝色是我家,
瑟瑟发抖。。去年没穿过的羽绒服终于要拿出来了,
看着地图都发抖,
在那骄傲的一片蓝中，我宁波就是坚定的一缕黄🙃,
听说今晚要降温会很冷，很多人都不信，广东今天还有穿短袖的，晚上睡觉盖个毛毯还出汗,
冷空气看看云南好不好！！！,
我家是蓝色、🙊🙊,
没暖气的包邮区瑟瑟发抖🥶🥶🥶,
寒冷的新年,
没有供暖的地方要挺过零下10度？,
黑得吓人,
还好诶，淡蓝色,
发紫了,
发紫了已经,
发紫了,
路长使我会爬-,
不靠谱er_zita 南方小伙伴注意降温,
山东零下17了,
零下27度,
乌鲁木齐蓝蓝的🥶,
什么  到 十度还算降温,
让广东来表演一下什么叫速冻,
零下了,
哦，零下,
蓝不啦叽,
降温10度😱,
紫蓝紫蓝,
紫蓝紫蓝的,
零下八度没暖气,
我看到了广东变成了深蓝色,
重庆这天气真的很迷，一颗雪没有还冷的要死,
感觉有点可怕。,
虽然在广东，但本人真不耐寒啊,
蓝的要发黑了,
咋说呢，瓦蓝瓦蓝的，坐标哈尔滨！,
确实降温明显,
广东明天速冻,
冻得发紫👿,
东北:只要我不出门，冷风就吹不到我！,
零下15,
28日零时华北北部降温12-16℃，我明天中午下火车,
深蓝,
深蓝,
深蓝了,
深蓝,
深蓝,
深蓝,
深蓝,
深蓝了,
深蓝,
深蓝了,
深蓝,
深蓝,
深蓝,
深蓝,
深蓝,
深蓝,
深蓝的,
现在辽宁抚顺零下25度,
哈尔滨冻得发紫了,
不以下雪为目的的降温都是耍流氓,
不以下雪为目的的降温都是耍流氓,
零下20度路过一下,
广东汕头还没冷，期待明早起床能冷点,
又来？？？？上次霸王寒潮我成滞留旅客了……,
怕是不准 云南人 已冻死,
我这明天最低零下26°,
淡蓝色,
淡蓝色,
淡蓝色,
大湖南发紫啦,
反正不是深蓝,
山西零下25,
红的发紫,
红的发紫,
现在红的发紫,
红的发紫了,
美丽的祖国在寒冬中成了冷艳高贵的蓝玫瑰,
我就想知道那些零下十度还没暖气的地方怎么过,
坐标福州“冷”到穿短袖,
还行   也就零下20多度吧,
零下10,
零下10,
内蒙古包头零下23度,
大北疆冻得发紫了我们,
深圳此时24度，明天要一下子降一半吗,
屋外零下27 屋里零上27,
最深的颜色，穿羽绒服出来能冻死,
零下40度啦，我寻思寻思出去该穿啥呢？？？？？,
零下22,
哈哈，我们江西的20度，不过马上要降温了,
大重庆怎么回事呢。但是还是冷得打抖抖。,
安徽人零下八度也没暖气,
还行吧，才零下10度，还扛得住,
一只PanDa_K 这颜色看起来好可怕,
虽然云南在黄色部分 但为啥我还是觉得好冷啊,
在广东的我倒希望它紫一回，我那些好看的大外套还没有真正穿到～～～实在太浪费钱了！,
第一次感受零下15℃,
要降温了，我的小脚丫能快一点好起来吗？ 不然因为过敏还是穿不了袜子就真的是太爽爆了,
加油啊冷空气酱！,
黑龙江发紫了,
广东每次都一下子降温那么多，受不住啊,
岳西降温16℃以上😱😱😱,
今天很热，这个冷空气要来的前奏,
看着都害怕,
下降8-10度。,
出门冷风吹，气温下降了,
冷是什么东西？大广东正在冒汗,
杭州后天零下七度，要疯了！！！,
Its_carry 害怕,
最近都是十七八度31号降到二度,
我家被冷空气包围的重庆,
零下17,
Eurus_z 老婆降温了要 不要风度了,
零下20,
零下20,
零下20,
零下20,
零下20,
一下子降温10度,
中央气象台继续发布寒潮橙色预警,
手机上的天气预报是周三降温,
讲真的，要不是缺氧和大太阳，拉萨真是个温度适宜的好地方，夏天最高30，冬天除了晚上零下，白天基本10左右,
黑龙江深蓝了,
哈尔滨绝了 瓦蓝瓦蓝的,
深深蓝,
你家将会降到几度？,
福建后天零下5摄氏度……,
说好的冷空气广东还在20度,
-24的蓝,
忲陽當涳燳 霸王级寒潮,
广东进入速冻阶段,
不慌 也就是深蓝色,
本来就没有几度，再降哎,
大连的风吹的我让我自己感觉我是一块冰箱里的冻肉,
我家快把我冷成一条线了———,
冷空气逐渐南下～,
零下12,
重庆是3d的   冷空气走不动,
今天16度，明天3到-10，无语😓,
不是？西安哪儿还有14度可以降？？？,
今天13－5度，30号0－负4度，,
不掉毛小松鼠 来寒流了,
还没买衣服的我 瑟瑟发抖,
看成寒王级霸潮,
下礼拜北京都在零下了 是不是要下雪了,
新疆是已经没办法再降了么,
上海明天就零下7度了，今晚抓紧把最厚的衣服翻出来,
零下31°发来贺电,
明天就是-4°了，害怕,
浅蓝色，现在零下七度,
-26度的地方还在上班的打工人向大家问好,
黑龙江鸡西现在零下26度,
在张家界 看到上面是发蓝在过去一点就发紫了,
这哪是降温，这是降维打击,
深蓝，好在家里暖和,
银川今天零下十八度,
我大连红的发紫了,
尙瑋 一级退堂鼓表演家-85 地蛋儿还是蜜桃呢,
零下二十几，,
零下八度,
零下28,
24-28零下,
零下二十几,
零下14°了,
我们这里零下10℃了,
现在零下12℃,
今天20℃，明天零下7℃,
我这升起温来降温，今明两天20多度,
内蒙古呼伦贝尔额尔古纳市晚上-40度,
看看那大片红的发紫的地方焉有此人,
还好还好，零下十度,
妈呀，黑龙江，东北三省，看这就很可怕,
哈尔滨零下26度，可图上却是白色！,
冷冷的,
早睡的鸟儿漂漂亮亮 前方高寒预警,
本深蓝地区学生下周放寒假哈哈哈哈哈哈,
可别降温了 冷天实在难熬啊,
广州开始刮风了，晚上速冻,
还好！漂亮的淡蓝色,
处在南北方过度的tiffany蓝，没暖气，也还🉑,
零下四十度，黑色,
在我大重庆靠的是一身正气过冬呀冻得鼻子都痛～,
天津零下13度室外，室内27度,
代号：深蓝,
收到 最低温度-21℃  最高温度-13℃ 记者哈尔滨报道,
让我康康是我的秋衣秋裤先到还是冷空气先到,
虽然上海是蓝色的吧 但没有一个人能承受上海的魔法伤害  已经在被窝里裹好了 明天也不打算爬出来了,
我这里已经零下21度了,
零下21度,
目前零下21度,
我家变蓝了,
好家伙这颜色看得人害怕,
哇，鸡冠头都发紫了！,
救命  零下10° 不想上班 ,
吉林表示昨晚小屋里可暖和了 今早是被冻醒的,
是我的魔法深蓝冰雪的城堡。,
红到发紫,
还没买羽绒服的我瑟瑟发抖weiling-2020,
比紫色浅一个色系,
也就是个深蓝色吧,
零下八度，下了一天雪,
深蓝的鸡腿,
紫色！但是我们室内依然夏天！,
零下5度,
苏北，此刻零下三度，不想从被窝爬起来。,
16年的霸王寒潮，刻苦铭心啊,
也就是蒂芙尼蓝吧,
南京，昨晚冻死了，早上起床，都白了，昨晚下的雪,
下一周我们这儿的最高温度会从16度骤降到零下2度，然后再回暖到11度，我服了,
别吓我，我害怕,
别吓我我害怕,
我们家零下15度 坐标江苏……,
厚衣服已备好了，就等冷空气发货了,
蒂芙尼蓝色,
我家这此刻零下31℃,
太可怕了,
太可怕了,
重庆被包围得瑟瑟发抖,
成都尽然是黄色？！！我都冻得不行了,
马上开始速冻广东人了,
蓝了蓝了,
蓝了蓝了,
现在-1，体感-7，我可爱的苏南～,
哈尔滨已经降到底了，降不动了,
我大重庆在刷天命圈？然而依旧冷得抠咔,
蓝的哈哈哈哈哈哈零下十来度了,
这也太狠了吧，降温十四五度，这可咋么过,
-24多少有点可怕了,
真·跨年霸王级寒潮，瑟！瑟！发！抖！🥶🥶🥶🥶🥶🥶,
蓝的发黑是什么体验,
南京冷到我妈都不认识我,
太可怕了，今年的气候真的变幻莫测。,
零下20度,
害怕😱,
宁夏人害怕,
零下二十五我哭了果然感冒了,
徐州零下11度,
就深不深浅不浅的那个蓝,
重庆降温降了个寂寞，属于万蓝丛中一点黄,
反正我知道这是内蒙第二波寒流了 ,
淡蓝色，颜色不能再深了,
坐标大连，此刻零下六度，昨天下的一点点雪，今天全化光了,
我看成寒王级……我还有救吗,
11日，中央气象台发布今年入冬以来首个寒潮预警,
我们这即将零下5℃,
蓝sai滴,
今天25度，后天14度，发紫了快,
大概是透着黑的蓝叭,
好可怕😱,
深蓝色还行,
小风中瑟瑟发抖，再买一条秋裤好了……,
西部都被高原山脉阻断了寒潮，真好,
深蓝啊，内蒙古啊,
哈哈，昆明被冷空气屏蔽了,
我太怕寒冷了,
我家那里发紫了,
发紫了？？？太硬了呗,
流年迷途 广东也要大幅度降温了，记得多穿一点哟,
我们是4到零下3度,
零下十七度，死了得了,
杭州也速冻,
第三个颜色零下二十多,
呼和浩特马上要零下25度了,
哇喔，要被冻死在这个冬天了,
零下二十多度,
零下二十多度,
今天我们这儿最高气温-18℃，最低气温-26℃……我不想上班啊啊！,
下发给广东的冷空气堵车了,
天津室外零下十度  室内  开暖气  零上十度 有点闹笑话  绝壁到不了零上20度    这还是有暖气的节奏,
今天结婚，零下十四度,
宁波害怕不要刮风下雨！！降温我可以接受！！！,
我内蒙冻得发紫,
我大成都今年也不抗冻了鸭！,
降温不下雪，这水汽条件还比不上月初的呢，实在想看雪只能上山了。31号，零下的温度，16℃的空调，一个人值班的跨年夜，艹,
零下30°,
也就是零下30°吧,
坐等我大江苏的零下8度,
我尼玛就是服了 福建都能零下6℃了,
北京零下15℃,
今天最高13℃，明天1℃，而且明天最低—9℃，我们这就是发紫的地区,
寒冷信号正在生效,
我家深蓝,
披着我可爱的小马甲 玻璃杯里的金鱼q 乐昌不得冻死,
16零下,
要降温了啊啊啊啊啊啊啊啊,
山西 零下21了现在,
杭州要零下6度,
零下五度,
我这零下44度,
零下28度认真吗,
零下24~25度吧,
零下五度,
零下三十五度,
零下 28度,
紫色，哈哈哈哈哈哈哈哈哈出去能活着回来就是我命大,
天津此刻零下12度，大风呼呼刮了一天,
寒潮继续！小伙伴们注意啊！帼姐连线,
好害怕啊明年要去长沙了，不知道受不受得住,
零下17摄氏度,
深蓝甘肃,
今天准备从一个白色的地方去一个深蓝色的地方,
广东人瑟瑟发抖。,
西安明天零下11我慌了,
今年的冬天格外寒冷,
不配拥有暖气的南方人瑟瑟发抖,
已成黑蓝色,
广东，真·速冻鸡腿。。,
中央气象台继续发布寒潮橙色预警寒潮要来了,
凶巴巴的aJ 我_不记得了 张家口深蓝，淦,
图二太震撼，真的要冻透了,
在紫色区，可以期待一个雪景吗,
河南已接收到大风降温寒潮,
深蓝色的我家乡,
东北小城市 明天零下21度,
杀人小奶瓶- 拜拜了 我明天就走,
家里还没有回，我只知道早上一起床宿舍水龙头冻上一个🙃,
冷一点才像冬天的样子，大家注意保暖哦。,
零下4度，时隔几年，现在终于飘雪了,
长沙已经下雪啦，瑟瑟发抖,
零下28哈尔滨,
速冻,
速冻又要开始了,
速冻,
速冻了,
我家深蓝色了，可我现在呆的地方橘色,
广东发红我就骨头痛了！？发紫我该怎么办,
今天26°C明天速冻,
秋衣扎进秋裤里，秋裤扎进袜子里，这是对寒潮最起码的尊重,
霸王级是什么阵势又想起那年的南方冻雨,
冷空气来了,
冷空气要来了,
冷空气不要来啊,
尴尬，还想着元旦去深圳找工作，好冷啊。。不想去,
今日内蒙古零下三十一度,
跨年霸王级寒潮就要来了！局地降幅16℃以上,
我在深圳都瑟瑟发抖！！！,
深蓝色…,
不多，零下16,
零下二十度,
这个温度降的，感觉整个人都不好了，我的多肉怎么办……,
新冠最喜欢寒湿了,
坐标内蒙古，零下26℃。,
我这里一天降了十几度啊。,
我看到浙江零下五六℃我已经开始抖了,
大内蒙以深蓝,
河北，蓝色，脸要裂了,
已经感受到冷空气的热情了，玩会儿得了，快走吧,
南方人第一次感受到在首都的零下十三度！,
零下5度的集合！,
天阴了 冷空气要来了,
怕是要冻死在长沙了。,
我大东北真是冻死人,
马上要零下几度了,
还好广东还没紫,
零下7度,
今天零下32,
是的，我家就是发紫的那个地方,
我这里紫了明天最高气温零下19度,
也就零下20来度,
深蓝色,
深蓝色,
深蓝色,
深蓝色,
深蓝色,
深蓝色,
深蓝色,
深蓝色,
深蓝色,
深蓝色了,
我们这里深蓝色了,
深蓝色,
深蓝色,
深蓝色,
深蓝色,
深蓝色,
深蓝色,
深蓝色,
深蓝色吧,
深蓝色,
深蓝色,
深蓝色,
深蓝色,
深蓝色,
请问深紫色现在跑还来得及吗？？？,
北京零下14,
睡觉对我很重要Pumpkin 你家挺冷的,
我家一片深蓝……,
红橙黄绿青蓝紫,
零下30℃的山西北部,
北京浅蓝，家里深深蓝,
天津今天零下14℃,
南方的小伙伴快冻死了，嘻嘻,
今天出门走了不到5分钟，裤子冻透了……带着毛线帽吹的脑瓜子疼,
广东现在不冷！短袖,
今早出门，零下20度,
广州的速冻又来了，今天25度，明天8度,
零下十度,
要零下十度了,
武汉从16度一下子变成-4度,
黑龙江平平常常零下30+,
我家冷到快黑了,
我家在贵州贵阳我在北京念书，然后，这俩地方都同一个等级的寒潮是看我思乡情切嘛哈哈哈哈哈哈哈哈,
真的挺冷的🥶,
好了，山东人马上要体会到嗖嗖的冷风了,
还没降温的我已经感觉到寒冷了,
山东早已零下摄氏度,
河源 已签收寒潮 快递,
从明天开始冷酷到底。零下20度要来了,
内蒙零下23度,
求求广东赶紧冷  这一晚上的还踢被子,
零下5度微微燃 走吧，出门挑战一下,
在家里25℃穿半袖都热在屋外－25℃穿十层都冷,
明天零下七度。…,
江苏明天零下7度,
我家这里零下23°,
冻死了 都感冒了,
新疆和哈尔滨在外，可能是这两个地方的温度降无可降,
沈阳零下22,
身在重庆的我表示想看雪但是出门也冷啊,
冷空气正往广东赶来了！！！！,
重庆 ：属我最强四周高山环绕 重庆人表示：为何不下雪，都冷到这个份上了……,
明天最高最低都是零下 ,
浅紫色,
零下16度吧,
别说啥颜色了，零下8度，加刮大风,
温馨提示冬季冷空气来袭，保护好自己，小心出行,安全最重要
身在合肥瑟瑟发抖,
真没想到，今天山东大部分地区气温会低于零下10℃。,
寒风阵阵🥶,
北京晚上9点是零下12度了,
我家现在零下22,
江西吉安，冷空气刚杀到，此刻外面妖风阵阵，呼呼呼呼,
是不是想要冻死我,
本就寒冷的天气雪上加霜,
寒冷的天气，他终归还是来了,
山西零下22时刻以为在东北,
秦岭以一山之力阻挡了冷空气南下,
秦岭以一山之力阻挡了冷空气南下,
秦岭以一山之力阻挡了冷空气南下,
成都瑟瑟发抖,
我们家蓝的发紫了,
我们家冻的发紫了,
坐标福建泉州，以为这次降温会很冷呢，早上上班特地穿了羽绒服，结果现在好热其实穿大衣就够了，今天最高温还15度呢,
看地图就是来重庆避寒，来了冻死你个小宝贝,
是我重庆太魔幻8D吗？搞得王者级寒潮都搞不清方向进不来,
是铃铛呀 零下五度…怕是这辈子也就碰到这么几次,
没错，我家就是深蓝色,
半蓝不兰的 可是七八级大北风,
下午开始刮大风降温🥶,
宜兴好像零下八度。。。,
将第一次体验零下七度,
东北冷到不可理喻,
冷，大家做好保暖哦,
蓝色，淡蓝色,
好家伙，深蓝色,
其实还真没有感觉到多冷现在出门就一件羽绒服，里面一件内搭就可以,
最后一档，要冻死的节奏啊长款羽绒服要穿起来了,
我家蓝到发青,
蒂芙尼蓝，高档,
看到这张图已经开始瑟瑟发抖,
广州，今晚下班我两件衣服热得要死，吃饭的时候发现有个女生穿短袖，说真的要不是我衣服太大我也要脱了拿着但是据说明天就开始冷了,
我只知道我们最低零下二十七八度不知道啥颜色,
冻死我得了,
杭州要冻死了,
今年冬天特别冷，希望都能找到可以温暖你的人,
看到武汉在紫色圈里了,
重庆在瑟瑟发抖,
重庆瑟瑟发抖,
我重庆在中间瑟瑟发抖,
睡梦中被冻醒，从被子中伸出手摸摸脸，像冰柿子 ……这就是近日的黑龙江……,
跨年霸王级寒潮就要来了今天明显感觉降温了！我在四川 ,
马上零下6度了，哎，没暖气这日子怎么活,
成都咋回事，也很冷啊,
冻的要死我们暖气这两天流量还小的要死,
我们这零下24℃，今天穿了个橘色面包服，里边穿了一层又一层，最厚的棉裤也搞上了，我妹说，简直就像行走的南瓜精，这出去都冻透了,
Cccci-D 武汉还好一丢丢,
四川盆地零下4到零下八度？？？,
上海马上要零下了,
本溪已经零下二十度了,
山东淄博今天零下16度,
紫色你好，我在橙色。,
都深蓝色啦,
贵阳冷死，我穿上了秋裤,
南宁又冷又热,
我这零下六，我能不出门就不出门，买菜都一次多买点，就为了少出去,
成都的我准备好瑟瑟发抖了,
重庆降8°C？那不就零下了？,
浅紫吧,
零下22度。来爽一爽吗,
南昌都要降到零下了,
黑龙江绥化现在是零下25°,
瑟瑟发抖！秋衣秋裤找出来,
冻绿了,
这股寒潮太猛了，小心提防,
这股寒潮太猛了，小心提防。,
郑州把我冻死,
合肥要冻死了吧,
我靠我是要冻死在合肥了吗,
看见鸡脑袋那个圈里的紫色没，诶！就给我包那了,
能不能给安徽供暖！冻死！,
长春零下二十二度,
重庆人民火气太重无法与各位同享冷空气,
让寒冰来的更猛烈些吧,
已经开始下雨，冷空气晚上驾到,
内蒙呼和浩特零下26度爽歪歪了这回,
零下7度°,
不好意思 我们紫了,
陕北，零下二十四,
杭州要零下七度 我印象里杭州没有这么冷过,
即将零下10度，狂风暴雪,
明天据说我们将要零下,
≥🔵深蓝色,
部分地区将降温10摄氏度 我大徐州就要降这么多了,
郑州今天外边现在零下六度,
是的发紫了 但发紫之前温度直达22度,
我只在乎广州会不会下雪，多冷都可以,
长春，今天出去差点冻死我，未来一个月我都不想出门了,
江苏要冻死了,
这才是诠释了什么叫你在南方的艳阳里四季如春，我在北方的寒夜里棉袄加貂,
冻死咯,
要冻死了,
冻死了,
冻死了,
已经要冻死了,
冻死了,
冻死了,
太原室内22度，室外零下20度，温差40度,
紫色这个冬天根本不想出门,
广东人瑟瑟发抖中,
广东简直开玩笑，降温没有过渡期的，瞬间冰冻,
瑟瑟发抖ing,
零下30度,
漂亮，明天回新疆了，零下二十多度,
哈哈哈哈哈，紫色啦,
哈哈哈，紫色,
已经变成黑蓝了,
又一波冷空气来了,
长沙人民瑟瑟发抖🥶🥶🥶,
？？？降多少度？？？你说降多少度？？？？？？,
广西瑟瑟发抖,
哈哈哈东北变成小紫Spark_李子,
哈尔滨是被忽略了吗？已经零下20度了！,
降温十几度,
快被冻死了,
快来冻死我,
已经快被冻死了,
沈阳今天最高气温零下15度！！！最高！,
玫红色的路过瑟瑟发抖🥶,
安阳零下九度,
这叫降温？？？速冻吧,
广州都鸡冻,
没有暖气的南方人民表示抗冻完全靠一身正气！！！坐标江苏！,
被窝里的我还是瑟瑟发抖,
长沙市   天蓝蓝滴白云飘,
我呼和浩特冻死了,
降温之后，有对象的抱对象，我就不一样了，我自抱自泣,
室外紫黑色，室内很暖和,
我说怎么今天早上起来就流鼻涕了，原来是因为气温骤降，赶紧多穿点儿～,
UMI乌弥 假面骑士TAMAKO 害怕,
零下二十八度,
路灯下的大女孩儿 冻死我了今天,
30号零下5℃,
看看就觉得冷到彻骨寒,
好吓人啊，还要上班太痛苦了,
刚刚从紫色回了浅蓝色,
明天最高温零下三度,
佛山寒冷橙色预警好害怕啊这阵势,
你冻死我好了,
我准备好冻死了,
南方没供暖，瑟瑟发抖,
明天直降二十多度,
作为一个大同人，好像每次降温大风都躲不开！,
天冷了，要记得多添衣，保暖防寒别感冒！,
像这种图…降雨啦，降温啦，降雪啦。每次都能把济南切两半儿…🤷🏽♀️,
周末0—10度，周二零下2到零下10度，这温差变化,
来吧 有本事冻死我,
速冻饺子,
速冻饺子,
长春真的是哇蓝哇蓝的,
深蓝色，内蒙古,
山西大同现在零下22度,
我滴家在东北~~，最温暖的大连零下四度，最北边的漠河零下四十二度，我滴家齐齐哈尔零下二十二度,
天气冷了，注意保暖，注意病毒防范,
杭州要零下7度，第一次看到这么低,
广州现在的风吹的很厉害了，感觉到变冷了，明明这两天还穿短袖的,
辽宁人瑟瑟发抖,
难道真的是传说中的小冰期？来温州这么多年，没有遇到过零下,
准备空调再开高几度了，怕冷星人瑟瑟发抖,
重庆硬是被匡出去昨天吹风冷惨了,
黑龙江  零下30度了,
广东是急冻吧,
广东准备急冻,
广东又来急冻了,
今早起来冻死,
哈爾濱不在降溫範圍嘛,
瑟瑟发抖🥶🥶🥶没有暖气的南方,
现在在紫色的地方………过两天就去橙色的地方了,
深蓝色，最高气温-12°,
反正任由冬天怎么冷，我重庆就是不给你下雪,
山西阳泉零下17度,
宿舍要冻死了,
江苏人民已经瑟瑟发抖了,
老william  看着瑟瑟发抖,
朝鲜又冻死多少人了？,
天冷注意添衣保暖,
我家深蓝色,
今天最高温13度，后天最低温零下13度,
哈尔滨表示晚上能冻死人的程度,
紫色 评论配图,
南方零下十度简直要人命了！,
瑟瑟发抖！！！,
紫了地区的朋友，你们还好吗,
安徽要冻死了,
安徽，冻死我了,
坐标山东省济宁市已经零下十度左右,
大家注意保暖，天气冷了多穿点衣服！,
大同零下27，6级大风,
西安哪里有零下12度,
呵呵，紫色,
紫了还没暖气 太惨了,
我家这要降16度？！！！,
听说下周山东零下十九度,
啊！降温8-10℃，真可怕,
回复一半阿拉伯一半蒙古国:昨天南宁也是二十几度，然后今天就降到了五度,
冻死了都要,
我是吉林，真的是出门速冻,
上海人要冻死了,
之前看预报要到零下二十多度，现在好像还没……,
早上一起来看天气预报 最低零下27了,
我在浙江冻死了,
人在江苏，瑟瑟发抖,
江苏人瑟瑟发抖,
紫色可怜我们还要穿校服，我已经感冒半年了,
瑟瑟发抖，准备御寒,
冷过北极🥶,
黑龙江表示冻感冒了,
寒潮预警升级为橙色郑州都发紫了，可怕……,
武汉人已经麻木了，冻死我吧,
哈尔滨今天最低温度零下31度,
湖北省真的是冬天冷的要死，夏天热的要死,
黑龙江 现在晚上达到零下30度,
跨年寒潮让我们记得和2020说拜拜👋,
这么困难都过来了，千万别被冻死在最后,
还好吧 不就是紫了吗 没在怕的,
黑龙江某十八线城市今天零下28度,
南京人民抗冻第一名,
不错，紫了,
灰不溜秋夹蓝中带红的，这就是家颜色,
#NAME?,
重庆有结界但是也冷啊！！,
福建今天22度 明天-2度 带你体验极速降温,
不用出门了 这天气啥都顶不住 蓝的发紫,
好家伙，怕是要冻死在湖南了,
是那个美丽的紫色,
零下十二度,
0717·四川小甜椒 西瓜味氷菓 不需要降温我们也冻的发紫,
今儿20度很舒服，过几天就速冻3度,
哈尔滨冻死了,
冷了，注意保暖,
冷注意保暖,
大广东还没冷呢,
蓝色蓝色，我最爱的蓝色,
原来真有冻的发紫啊,
不妨碍，零下二十四度而已,
南方人瑟瑟发抖,
本南方人瑟瑟发抖,
周一9度周二零下7度 就离谱,
有幸成为紫色,
海南今天也好冷,
瑟瑟发抖……,
承德黑天零下四十度。,
浙江要零下7度了，感觉靠一身正气和抖已经不管用了,
人在浙江，今天回哈尔滨，你们说我下飞机会不会冻死,
紫色我的超厚羽绒服要上阵了,
紫色，谢谢,
山东日照海边紫色,
就是下周了，瑟瑟发抖，我不知道这种温度该穿多少衣服去测温,
杭州现在也就不到10度，再降个16度，要破历史记录了,
为了等冷空气，所有该洗的不该洗的都洗了……准备接下来半个月不洗衣服,
瑟瑟发抖,
瑟瑟发抖,
已经瑟瑟发抖,
瑟瑟发抖,
瑟瑟发抖,
瑟瑟发抖,
瑟瑟发抖,
我已经在瑟瑟发抖了,
瑟瑟发抖,
瑟瑟发抖,
瑟瑟发抖,
瑟瑟发抖,
瑟瑟发抖,
瑟瑟发抖,
瑟瑟发抖,
瑟瑟发抖,
瑟瑟发抖,
瑟瑟发抖,
瑟瑟发抖,
瑟瑟发抖,
瑟瑟发抖,
瑟瑟发抖！,
瑟瑟发抖啊,
瑟瑟发抖,
瑟瑟发抖,
瑟瑟发抖,
瑟瑟发抖,
瑟瑟发抖,
瑟瑟发抖,
瑟瑟发抖,
瑟瑟发抖,
瑟瑟发抖,
瑟瑟发抖,
瑟瑟发抖,
瑟瑟发抖,
瑟瑟发抖。,
瑟瑟发抖,
瑟瑟发抖,
瑟瑟发抖,
瑟瑟发抖,
瑟瑟发抖,
瑟瑟发抖,
瑟瑟发抖,
瑟瑟发抖,
瑟瑟发抖,
瑟瑟发抖,
瑟瑟发抖,
瑟瑟发抖,
瑟瑟发抖,
瑟瑟发抖了,
瑟瑟发抖,
天冷加衣，注意保暖。,
看预报上海要零下八度了,
我朋友：我买的冻梨到了昨天忘了拿进来了估计该化了。我：在外面放着呢？那化不了,
紫红色,
所以看这个蓝色和绿色的分界线好想真的是秦岭真的又以一己之力挡住了南下的冷空气呢,
太冷了，想去海南,
突然就降十几度了,
大江苏已瑟瑟发抖了,
上海下周三的温度，简直低得吓人，裹被子上班吧,
8--10……明天冷空气5度,
深圳16-26°，快点变冷吧。好热,
跨年将遇霸王级寒潮  广东也将降温8-10℃！,
淡橘色，明天直降10度,
江西瑟瑟发抖,
萧彧是超人 我这又要降温了，估计很快就可以堆雪人了,
今天15度，明天零下8度,
冻的DER喝的,
冻的我想进冰箱暖和一下,
瑟瑟发抖，能不能过乌蒙山？！,
发了明天就开始了要穿多少衣服才能不冷啊是不是要把家里衣服都穿上吗,
还好还好，不是紫色,
看的瑟瑟发抖,
我大长春深蓝色、供暖还不好！,
左边安徽，10点，零下五度,
黑龙江报个到（前两天家里还因为一些原因停了两天气，直接把人冻没）,
虽然地图上带了橙色 但是重庆是真的冷 我的心是蓝色的……,
跨年霸王级寒潮就要来了今天明显感觉降温了！我在四川猛男雪花酥 ,
好冷，注意保暖！,
注意保暖，好冷,
好冷要注意保暖！,
好冷，注意保暖,
怪不得我要被冻死了,
最喜欢的颜色，薄荷绿，不过就这颜色都是够冷的了,
冷死了开始穿秋裤了,
深蓝、？？？零下26,
绝了，右上角紫色有我,
这冷的发紫的不就是我家么,
河南，真滴冷，像我这样烧包的人，羽绒服穿的贼早，自觉外裤子里穿加绒打底裤，并且还疯狂的想买棉裤,
零下24度，明天零下25度,
今天比昨天的温度降了十几度👿👿👿,
没有颜色，已经冻得模糊不清了。,
这是要冻死江南地区人民嘛？没暖气啊……,
妈耶，合肥已经开始瑟瑟发抖,
叮叮铛叮叮铛那啥响叮当 一个即将在下周被冻晕的我,
你没有看错，紫色就是我们这里的颜色,
合肥太奇特了，夏天特别热，冬天特别冷,
我胆子肥了，我想去紫色的地方感受一下,
哈尔滨的 零下20°体感24° 我已经麻木了,
瑟瑟发抖，迎接跨年寒潮,
我们南方人没有暖气 就得抗的住冻,
合肥已经做好抗冻准备,
冻人,
紫色嘿嘿嘿,
明天就到我们这了。瑟瑟发抖。,
天冷了，大家注意保暖哦,
天冷注意保暖大家,
下周去武汉的我，瑟瑟发抖,
广东还没有冷,
明天开启降温降雪天气。,
瑟瑟发抖🙉🙉🙉,
早晨起来瑟瑟发抖,
张家口人民瑟瑟发抖,
中午12体感温度零下32度,
浙江人瑟瑟发抖,
今年的冬天可真冷啊，大家要注意保暖,
妹妹说紫色很好看~,
啊这黑龙江的瑟瑟发抖,
黑龙江瑟瑟发抖,
黑龙江瑟瑟发抖,
蓝色  深蓝色,
没有暖气的我瑟瑟发抖中,
哦，我这里降8-10度，现在16度，就是6-8度，我去,
江苏南通-10度，100%下雪❄️ 瑟瑟发抖,
南宁太禁冻了,
我零下8度的装备在零上8度就已经全用上了不出门了,
我紫了我紫了明天可能有雪，有些期待,
－6到－16，外加五六级风，晚上八点多外面走了二百米，平时能抗零下七八度的薄棉裤跟没穿一样,
湖北一度下雪超冷,
内蒙蓝的发紫了已经，一口仙气吊着去教室,
乌鲁木齐，今天活活把我冻哭,
平平无奇的紫色罢了,
南京为什么会有-1到-7的温度....天啊好可怕,
冻死宝宝了,
冻死宝宝了,
冻死我算了,
明天零下二十八据说还有大风,
马上就放假了，回去的时候要冻死我吗,
吉林哭了冻死了,
冷空气发货了,
杭州深紫色的？？？,
重庆在边缘徘徊，害怕,
长春，深蓝色,
紫色看起来好恐怖,
今天晚上要去哈尔滨的我瑟瑟发抖,
球球云南不要冷！,
深蓝色 呼和浩特零下24度…… 明天要去硬着头皮去买棉裤,
昆明，还好，没那么冷,
山东冷到你晚上出门（太瘦的人别出门）一阵北风就可以把你刮跑,
也就零下二十九度而已， 我还能行🥶,
黑龙江人飘过，紫色，啊哈哈靠着室内大暖气在坚强的越冬,
安徽瑟瑟发抖。,
还没紫,
更气的是重庆还死不下雪冷死了还不给点补偿,
嘬一口85号的奶膘 芜湖 我明天要紫了,
我们这边零下三十多度,
水管不要冻住啊,
桂林已经很久没有到零下五度以下了，扛不住,
寒霜露冻，诸君保重！,
这下全国都要冷了,
我都瑟瑟发抖啦,
杭州的我人要冻没了呀,
武汉人民表示要冻狗带,
浙江瑟瑟发抖,
东极佳木斯，今天零下30度,
零下二十度预备中,
今年过年回家是不是会被冻死🙉,
坐标紫色的合肥,
淡蓝色每次预报有雪就是下不下来不以下雪为目的降温都是耍流氓 评论配图,
天冷了。要多穿衣服,
紫色有人吗,
目测我们这是紫色的,
我们竟然是紫色的,
深圳穿件单薄的外套没有感觉到冷,
广州也有冷了,
好冷呀，一定记得多加衣保暖哦,
东北表示出门冻脑袋，一个小时感冒了,
坐标天水，寒潮昨晚已到货，冷空气直逼被窝，不敢起床！,
鄂尔多斯瑟瑟发抖,
紫圈瑟瑟发抖,
平顶山的我瑟瑟发抖,
鸡冻,
零下十二，挺好的，整个院子都可以冻肉，冰箱省电了,
差点就紫了,
零下30摄氏度悠悠飘过,
好家伙山西冻死了,
我去，紫的,
哈尔滨马上迎来零下28度,
广东也会冷吗,
还行 没紫,
好冻啊,
好冻！,
黑龙江早上8点多已经零下30度了,
鸭子鸭子你说话了吗 康康多蓝 回来把棉袄棉裤备好,
小伙子爱吃烤冷面 又粉又紫的,
零下二十几度就是霸王级了？不要总吓唬老百姓好吗？每年冬天都这样过，又何必总这样说，难道你们能做有用的事儿吗？,
哇偶！！打针小心别冻上-羊糕子-,
虽然冷，但是我不配看雪,
珠海已经感觉到冷了不想起床,
今年这个冬真的是冻人啊,
南宁我希望你再冷点,
哦，广东人觉得有点冷了,
福建人民过两天迎来速冻模式,
我已经穿上了一年最厚的衣服再冷就没办法了,
广东冷得变黄了,
坐标长白山，室外零下26，室内零上26，爽歪歪,
北京零下15度，有点寒冬的意味了,
紫色了，但还扛得住,
紫色！！,
我天，我不能被冻屎吧,
重庆都这么冷了 能下雪了吗,
冷到风吹额头上，脑袋嗡嗡的,
江苏好冷啊 想回福建,
在重庆待了五年冬天好冷，现在回河南了好暖和,
我乌鲁木齐快紫了,
重庆还不够冷吗,
紫色了……,
紫色的……,
紫色……,
最紫那块,
冷冷发抖,
人在广东  怕变冷 看了这个指挥  特意买了秋裤,
紫了已经，吉林长白山,
不可说，反正是紫色的,
除了紫色就是我大吉林的颜色了,
今天早上是真的好热，我怕明天早上我会冻死,
啊啊啊瑟瑟发抖,
冻成棍儿，能在屋内待着绝不出去,
易小王子的MG 我家紫了,
我在紫色内,
我是紫色,
紫色了,
紫色,
紫色,
紫色,
紫色,
紫色,
紫色,
那当然是紫色了,
紫色,
紫色,
紫色,
紫色,
紫色,
紫色了,
紫色的,
紫色。,
紫色,
紫色,
紫色,
紫色了,
紫色了已经,
紫色,
紫色,
紫色,
紫色,
紫色,
就是那个紫色,
紫色,
紫色,
紫色,
紫色的,
紫色,
紫色了,
紫色,
紫色,
紫色,
紫色,
紫色,
紫色的呢,
紫色,
紫色的我们,
紫色,
紫色,
紫色,
紫色,
紫色,
紫色,
紫色,
紫色,
紫色,
紫色了,
紫色,
紫色,
紫色,
紫色,
紫色,
紫色？,
紫色了,
紫色,
紫色,
紫色,
紫色,
紫色,
紫色的,
紫色,
紫色,
紫色,
紫色,
紫色了,
紫色,
紫色,
必须紫色,
紫色啊,
是紫色的,
紫色,
紫色,
紫色,
紫色。,
紫色,
紫色,
紫色,
紫色,
紫色,
紫色,
紫色,
紫色,
紫色,
紫色,
紫色,
紫色,
紫色,
紫色啊,
紫色,
紫色,
紫色,
紫色,
紫色,
紫色,
紫色哎,
紫色的呗,
紫色了,
紫色,
紫色,
紫色,
紫色,
俺们是紫色,
紫色,
紫色,
紫色的了,
紫色,
紫色,
紫色,
紫色,
紫色,
紫色,
紫色,
紫色,
紫色,
紫色,
紫色,
变成紫色了,
紫色,
紫色,
紫色,
紫色,
紫色,
紫色,
紫色,
不过就是 紫色而已,
也是紫色了,
当然是那个紫色了,
紫色！,
紫色,
紫色,
看评论怎么觉得重庆比我大黑龙江冷呀,
谢谢 比紫色底一个度,
广东的一天天气就是春夏秋冬早上冷到发抖，中午开始进入夏天，回到学校，在操场满地的落叶晚上进入冬天,
哦吼，紫色我不骄傲,
北方人在上海被冻得…… 可能北方人靠暖气，南方人过冬真的靠一生正气,
差一点就紫了,
所以昆明也要冷了吗？,
广东真的冷了，要开空调才行,
广东跨年那天直接冷死,
我怕被冻死,
明天还不紫,
寒流是阻止不了男生想送给女生祖传礼物的,
杭州这么冷还放假晚,
我大东北外面嘎嘎冷，屋里短袖短裤,
周口今天16度，明天零下11度,
看完这张图忽然觉得弗兰人喊了两个多月的冷有点过分,
吉林冷成深蓝色了，可是屋里已经是红色了，每天不开窗放一放都待不住，又干又热每天八杯水都不行,
完了，紫的,
快紫色了,
哦天哪 大衣可以拿出来穿了 天冷还是多穿点吧扛不住,
那个紫色儿的,
紫色儿,
紫色儿的,
我云南可是也好冷啊,
内蒙要冻死了,
这是要开启“冷链模式”啊……还是处处要小心，防寒防火放疫情,
普普通通深紫色,
哇！广东也要冷了,
广东突然就冷了,
我家快发紫了现在蓝汪汪的,
嗯，江西全紫覆盖。。。。。,
最冷最热相差60度,
虽说北京降温幅度不大，但我也感觉到了寒冷,
瑟瑟发抖，天蓝色的成都。,
感觉元旦结婚的我会瑟瑟发抖,
这么冷 广东会下雪吗？,
山东这里要零下十几度了！,
我们紫了…,
俺家紫色（哈尔滨人默默飘过）,
妈呀，冻死宝宝了,
内蒙零下30我自杀了,
我天，好不容易休假回来，居然在冷的发紫的圈子里,
深紫色…,
我家冷成深蓝了而我现在在橙色区域上学,
上面说重庆有结界的，难道不知道天津有满大街的“结界”（姐姐）都不管用，照样冻哭嘛,
速冻模式开启了，大家注意身体健康哦！,
差一点点就紫啦,
emmm我们这正好是紫色,
明天冻死狗啊!,
东北孩子瑟瑟发抖,
坐标长春，室外冻死宝宝了，室内这也太热了,
要注意保暖，北京好冷,
冻懵了……,
北京，微紫,
冻哭😭,
长沙已经下雪下冰雹了，冷死啦,
合肥紫了,
这两天真的太冷了，大家注意防寒保暖！,
此时体寒温度零下28度,
要看基数啊，新疆降得少，都基本零下30度了,
起风啦起风啦广州起风啦 准备好进入速冻模式,
冻好了，好下锅。,
。。。紫了,
紫色的黑龙江。。。,
不讲武徳、广东降温都是十度一降,
蓝到发紫,
蓝到发紫,
我感觉我会冻死在后天,
我在最紫色的部分,
紫色啊，脚踝差点葬送在这个冬天,
紫了……,
紫了……,
然我看看啊 必须是大紫色,
不要太冷了，没有暖气护体的南方人民表示难过……,
那肯定是紫色,
区区紫色,
妥妥的紫色,
为什么重庆贵阳他们不受影响啊！！！！我快冷死了！！！,
重庆被孤立了 偷偷背着它冷,
呼市零下二十四度,
后续剧情 我要冻死了Baby 保护好我,
天冷加衣服了！,
广东不冷,
广东不冷,
广东不冷,
广东又不冷,
学校近海，海风那叫一个大，瑟瑟发抖,
紫的,
紫了,
紫了,
紫了,
紫了,
紫的,
紫了,
紫了,
紫的,
紫了！,
紫了,
紫了,
紫了 ,
紫了,
紫了,
紫了,
紫,
紫了,
紫了,
紫了,
紫的,
紫了,
紫了,
紫了,
紫了,
紫了,
我紫了,
紫了,
紫了,
紫了,
紫了,
紫,
紫了,
紫了,
紫了,
紫了,
紫了,
紫了,
紫了,
紫的,
紫,
紫了,
紫了,
紫了,
紫了,
紫了,
紫了,
要紫了,
紫,
紫的,
紫了,
紫了,
我紫了,
啊我紫了！,
紫了,
紫了,
紫了,
紫的,
紫了,
紫的了,
紫了,
紫了,
紫了,
紫了,
紫了,
我们紫了,
紫啦啦的,
紫了,
紫了,
紫了,
紫了,
紫了,
我们紫了,
紫了,
紫了吗您？,
紫了,
紫了,
紫的,
紫色 黑龙江,
黑龙江 紫色,
今日已经很冷了广东,
我生日……要不要这样？冻死我了得了,
南方也很冷的 暖气安排一下吧真的顶不住,
我的天啊，紫色,
我家广东只有风，偶尔冷,
广东三不即可抗寒：不出门、不出阳台、不开窗。 如果实在要出门上班，我们就靠抖啊抖来抗寒吧。,
外面是紫色，屋里深红色,
紫了没有供暖的大雪警告⚠️,
如此紫的颜色是我们这的颜色,
深紫色,
深紫色了,
深紫色,
深紫色,
深紫色,
深紫色,
运气好正好今年冷冬。,
山东下大雪了好冷啊,
美女一个罢了cjr 鹤与鸦 千寻香菜 简隋英嘴里的烟 高冷的星光 出来受死吧,
进入速冻模式,
速冻模式,
好家伙，辽宁都冻没了？,
好家伙紫红色区域的我准备好颤抖了,
紫色🙃,
这两天期末考试 天天冻死,
在下是华籍美人 咱们要从浅蓝色跑到深紫色了,
零下三十度的大东北欢迎您,
刚从学校走回来，那个风吹的我脸疼，冻死了,
那还用说，必定是深紫色呀,
重庆真的是冷得打抖抖,
我这里快紫了,
快紫了,
快紫了,
嗯，就快紫了,
紫色啊好家伙,
紫色那片,
两个小时突然降到零下已变冰晶,
volcano88_ 1頭象 冻死算了,
��🙉🙉瑟瑟发抖中,
重庆人快冷没了,
天天说能不冷吗？该来总会来的……,
天冷了，大家要照顾好自己。,
小璐大王 长沙太冷了，我能去岳阳跨年吗,
太冷了注意保暖,
太冷了，注意保暖,
福州哪里冷了？,
早上热死，下午冷死,
马上就是广冻人了,
安阳夹在中间瑟瑟发抖,
广东不是很冷，就19度而已啦,
广东到时也是只冷不下雪，立刻向老天爷发起一声抗议,
北京今天要冻没了！！,
麻烦再冷，重庆你也给我下雪呀,
橙色也不知道什么时候能享受一下蓝色和紫色的待遇,
我原以为 至少福建是没有那么冷的,
冬天不冷，叫啥冬天,
冬天快点过去吧，好怕冷,
紫色，出门不敢呲牙,
好家伙内蒙直接冻死？,
我怕要冻死我的暖宝宝早铁满全身了,
广东今年冬天真的有点冷,
下周的上海气温低得让人害怕😱,
我去，非常感冻啊,
哈尔滨，实时温度零下25度......脑壳随时要冻裂了,
已知道了，零下七八度，棉裤毛绒鞋陆陆续续在路上了或收货了硬抗,
我们已经零下十几度了,
零下十几度！,
快被冻哭了,
已经紫了的地区，毫无畏惧,
冻脸……,
这尼玛我东北不冻死了,
深圳星期三最低温度5度，这么冷都不想出被窝,
紫色蟹蟹,
明天紫,
最深的紫色啊……,
下个雪就这么难已经很冷了,
谢谢大家 我家紫了,
零下十度体验卡马上送达……,
还行，我们家也就零下28度到零下24度罢了,
终于要冷了,
终于冷了,
温州过几天要这么冷吗,
广西明天就开始冷了🙊,
南方人不抗冻啊。,
重庆还不是很冷呀,
最紫的那个,
最紫的那一片,
最紫的就是俺们,
深蓝色🥶,
黑紫色,
黑紫色,
虽然但是也不影响重庆的冷,
为什么我家河北晚上零下37度，不想回老家了,
临沂零下十几了,
黄山，还行，冻不si,
紫色的地区到底是个什么光景……,
快被风吹跑了，脸冻得通红,
最深的紫色,
最深的紫色,
最深的那个紫色,
最深的那个紫色,
那个紫色也太恐怖了,
成都冷死啦,
重庆你有本事冷，没本事下雪吗？？！,
坐标东莞，下午还在开空调有悔，对吧起大家，真的还不冷，不是在嘚瑟,
重庆虽然但是冷了,
黑龙江紫了,
我看了眼漠河的天气预报，零下30°，真绝了,
福州不冷,
咱家紫色了,
z_boboom 紫色的了,
看见那堆紫色了吗，对，就是那,
紫色😈,
中毒的紫色,
对那片紫色的区域就是我这里了,
天啊，我紫了,
冻成橙色,
河北，哇(⊙o⊙)哇！冻死啦！,
俺们山东有地暖，怕冷的妹子来吧！,
瑟瑟发抖持续几天呢？,
我是那个深紫,
深紫,
我们家是紫shai儿滴,
紫黑红，就是我家了,
紫色 很好,
看见没 紫色那块儿,
尾巴上的紫色,
瑟瑟发抖，降温,
宝贝多穿点来武汉好吗  我怕我俩冻的在酒店不想出去玩obi一wang,
瑟瑟发抖😱😱😱,
重庆：我不冷 我：我觉得你在乱说,
要冷起来了[雪],
广州现时正在刮一阵一阵的大风，太吓人了，今晚是一个不眠之夜,
目前是热的像橙色，很快就冷的发蓝了今夜伴随着寒潮即将降临,
长沙别太冷了夏天火炉 冬天冰库,
吉林松原紫了,
好家伙 已经紫了,
成都也好冷,
我好奇紫色的还能出门吗？一个东北人的疑问,
已经不是个好紫了。,
黑龙江现在hin冷！要多穿些衣服哦！,
南方只是感受一下冻的感觉,
谢谢  新疆下周零下三十度,
变冻鸡了。。。,
大家好 我是冂蒙人 我人冻没了..,
躺在被窝里都感觉到冷了！,
都快紫了！,
广东不知道这一次会冷到多冷。,
广州开始变冷了,
-26度，冻死了,
好家伙，我在紫色里,
天太冷，要注意保暖,
四川成都的，还好呢，不太冷,
我们都紫啦……,
好嘛好嘛深紫色,
已经紫了～,
太冷了我要回广东,
任务超越年级 快紫了,
西安瑟瑟发抖,
2020满身疲惫的走过最后几天，不要被冻死在2021的开始！,
重庆的冷跟温度没啥关系,
新疆真的人冻没了,
四川别冷了,
我家啥颜色？嗯，深紫色那块就是,
反正深圳说明天会很冷5°,
我们这都紫了,
都紫了,
都紫了,
重庆很冷的，我裂开,
反正我脸是紫色的,
浙江紫了,
北京真的冻得直接去世,
哎呦我去，黑紫,
冷到看不见吉林的名字,
但是重庆今天好冷,
重庆好冷,
重庆也好冷啊,
还算是蓝色，差点到紫色那个色,
霸王级？瑟瑟发抖,
今天追星了吗_ 笑死我了，重庆温度不低，但是冷得不行,
30号零下十二度！！！,
不想那么冷 顶不住啊,
四川-4到0度  今天就穿了两件在学校给爷冷傻了,
我都深紫色了,
合肥又红又紫的,
开始冷了 今天还下雨了呢,
新疆，已经紫了,
广东好像后天要冷了,
紫色区域，很爽！,
喔豁，蓝色紫色交界处,
我在大风中瑟瑟发抖,
内蒙的我瑟瑟发抖,
紫滴,
其实也不冷就是风很大，早上5点还有13℃,
我本来不太相信的，这下有点瑟瑟发抖了,
青岛已紫,
手机冻死机了，才打开,
杭州要零下6度感觉羽绒衣都不够了,
又紫又黑了,
黑紫,
黑紫,
黑紫的,
我家紫色（抱紧自己,
这天气太冻人了,
区区紫色，何足挂齿,
紫色排面,
紫色罢辽,
昨晚下大雨，今天放晴，但虽然大太阳，可是突然降温到不想外出了，太冷了,
外面是真的冷，可是我在家里穿短袖啊，坐标沈阳,
该说不说，紫了...,
广西开始冷了,
关键是成都再怎么冷也不下个雪啊,
我这里还没有冷到,
成都很冷啊,
早上出门都冻眼睛 ,
妹妹说紫色很有韵味,
据说明天会很冷，但目前还很热,
重庆有魔法吗成都我都要冷挂了,
哎呀妈，紫了,
我紫了~~~~~~~~~~~~~~~~~~~~~,
俏紫！,
由紫转红的我,
深蓝靠向紫,
紫社耳,
紫不拉绝的,
紫shan了,
紫色内蒙古,
我这里很冷的样子,
还没冷,
半桔Oo 虽然到时候会很冷 但是不是有希望下雪了！,
#NAME?,
变成紫色了，东北长白山，山脉。,
这么冷，还买不起房子的那么多。,
我家不冷不热,
很好，紫了,
我们这深紫色。。。。。。。,
.x深紫色,
漠河 深紫色,
漂亮的紫色,
紫色了！漂亮！,
紫了。哈尔滨,
表面傲娇的大重庆其实内心瑟瑟发抖,
广西也快冷了,
此刻不冷。睡醒就爆冷。断崖式降温,
安徽明天就紫了,
感觉冻成猴了，竟然还只是蓝色？,
不下雪冷了有什么意义！！我气！！！！,
其实早上出门感觉还好的，结果现在在办公室冷到感觉手机和电脑都不太灵了,
冷就算了还不下雪,
都这么冷了 下点雪不过分吧,
海南别太冷了，扛不住呀,
哈尔滨这几天都快零下30度了，基本都是27.28.29🥶,
在重庆的昆明人冻得发抖昆明最低温甚至比重庆低，然而重庆最高温和最低温也没有差几度看着家那边今天十八九度的最高温，哭了,
天冷了，注意防寒,
广东别再冷了,
重庆也很冷呀,
重庆也很冷,
我们重庆也是很冷的,
可是我在重庆也很冷啊,
家在吉林，已经紫了,
广东要么热死要么冷死🥶,
我们大河南夜晚零下十几度,
怕冷！！！！！,
大红大紫了,
我家紫色,
我家是紫色的,
我家紫色什么意思,
我家变成紫色了,
要冻哭的节奏来啦,
锡林郭勒，紫色……,
都知道降温冻透，大热不能好好整整吗？,
是我穿的太暖了吗？我居然不冷,
下个礼拜零下11度，感觉我出生以来都没有这么冷过我连羽绒服都没,
我大呼盟都紫啦,
唉好冷啊❄,
江苏的我，瑟瑟发抖，拉紧我的小破袄,
星座说我今天的幸运色是紫色。。。。。。。。,
南昌铁路: 你们家冷成啥颜色了注意保暖才是王道！ ,
东北雪很好看 就是冷,
内蒙人冻没了,
重庆明明很冷啊  为什么只有我们在中间夹起,
南京还是很冷的,
怎么冷，也没有暖气的南方,
左边那个紫色,
紫色那旮瘩,
紫色🙃🙃,
黑龙江都紫了,
黑龙江都紫了,
好家伙合肥都紫了,
往们家是紫色儿地,
我家在零下8度到4度这里,
为寒潮到来瑟瑟发抖中,
广东今天真冷啊,
大家好，胖深从祖国大陆南方的广东发回报道我们正在珍惜最后的短袖时光，不过也听说冷空气大军今夜即将赶到,
太鸡冻了这,
不下雪，干冷，没意思。多少年没下过大雪了。。菏泽,
我内心觉得贵阳应该是紫色,
这么来看我家应该是紫色的,
不会真有人觉得广东明天会很冷吧不会吧,
内蒙已经零下30度，元旦打算在家过了，对了，还要参加婚礼,
我家刚好在江西深黑紫色那个位置,
发紫了发紫了 现在是零下25度😿😿,
这是要冻死人的节奏！内蒙古的气温最低啊,
广西热死了 天天大太阳 麻烦冷快点 大衣穿不出去了 在不冷 热我也要穿,
超冷,
冷不冷？你知道！[加油][加油][加油][加油],
领域展开:重庆不冷,
我们整个山东都蓝了，要冻死在2020年最后几天吗,
屋外紫色 屋里22度,
新疆哈哈哈蓝紫色了已经,
这么冷还不下雪真是不能忍,
今天就有点冷了,
橙色是不是很冷啊,
谢邀 现在成都 人已冻傻,
我们家，，，“冷”成橙红色了,
南方的小伙伴要在家里冷死了。,
哈尔滨零下三十度向你们招手,
早上出门感觉冷空气还没到达,
在长春 人已经冻没了,
冷冬啊,
深紫色内蒙古,
感觉到冷空气了🥶,
怕冷啊,
我们东北今天老冷了！,
深紫，快黑了,
昆明还不算特别冷,
这波降温要是能把新冠冻死就好了,
这波降温要是能把新冠冻死就好了,
紫色😂,
冷的发绿！,
珠海已经冷成橙色了,
深圳现在穿短袖都可以，过两天就要冷成🐶,
今天上班 冻脑门儿,
紫色，鸡脖子那,
会有多冷啊？,
零下10度 然后还要降温？ 16度以上？ ……,
好巧不巧，正好是紫色,
我家已经冻的黑篮了！,
好家伙qiao紫,
已经冻成灭霸的脸了,
根据气象图显示我怀疑是不是太行山脉也可以阻挡冷空气,
紫的内一片,
冷成深蓝色了,
广东现在真的是冷啊！前两天还可以穿短袖，结果隔天七八度，天气预报果然还是靠谱的,
新疆真的是紫色,
快变紫了,
好家伙！已经紫的没影儿了,
已是蓝色，瑟瑟发抖,
妈耶，乌兰察布都紫了,
啊这，又要冷了😷,
莫冷我,
mad都快紫了,
我家咋紫了呢,
我家紫了,
我家紫了,
我家紫了,
我家紫了,
我家紫了,
我家紫了,
东北 最深的紫色,
还好 还是蓝的 还没紫,
这是一个冷冬了可能,
对，我们这就是那个最紫的，这两天给我一种错觉还以为进了三九天了,
还好，第三冷,
好家伙 看了一眼下周二零下十二度,
我家最紫的辣个颜色,
紫了......,
北疆，我紫了,
紫了吧唧的,
紫了......,
冷点好,
怕冷星人踩在交界线上也是瑟瑟发抖,
专家说今年冬天特别冷,
好家伙上海紫了,
广州要冷死了今晚跨年出不去了感觉,
天冷了多穿衣啊~,
天冷，要添衣,
我家快紫了,
听到寒潮，就忍不住瑟瑟发抖,
我锡林郭勒深紫色,
天气越来越冷了，要记得添衣保暖哦！,
新疆这里天天零下12 13度 零下啊!,
看得出来，我家已经紫了,
风大的天然气都无法正常开启 洗澡冻死了,
重庆体感是蓝色的，哦不深蓝色的!!!!,
没有暖气的地区不配那么冷的天,
福建会冷得受不了,
黢紫滴,
重庆共青团:重庆：能奈我何 但还是很冷冷冷冷......大家要注意保暖呀,
感受一下 我家零下21度 南极洲整体零下25度,
再冷我们这里也不下雪,
看着没！那紫的！那是我家！,
今天还是20°C。可能明天会冷,
北方冻的发黑了！,
别光冷啊下点雪啊,
黑龙江快要整个省都紫了,
莫丽美- 就快要变紫了,
今天吹风真的冻傻了！！！,
冻傻了我的天,
橙色但没啥感觉，没觉得冷,
我们家在紫色之中,
重庆真的很冷了！！！,
长春的我表示冻得要死,
紫的一塌糊涂,
德语楠 咱们紫了,
紫了真好,
我们家有暖气，不冷,
一个冷有没有暖气地方,
广东打卡，还行，不算冷。,
内心瑟瑟发抖。💔,
发紫了湖北将迎今冬最强寒潮,
紫色迫近中,
都买完春节回家的票了，现在想退票，老家零下三十多度,
苏州好冷,
冷,
冷,
冷,
冷,
冷,
冷,
冷,
要冷了,
冷,
有点冷,
冷,
冷啊,
有那么冷吗,
有点冷了,
冷了,
又冷了,
冷,
冷啊！,
冷,
冷,
冷,
冷,
冷了？,
冷啊,
冷啊,
冷,
又要冷了,
冷了,
今天开始冷了,
要冷了,
冷,
开始冷了,
到时候了 也该冷了,
已经冷了,
冷,
冷,
冷,
冷啊,
冷了,
冷呢,
这么冷的嘛,
冷,
冷了,
冷呀！,
冷,
是冷哦,
冷了,
又要冷了,
该冷了,
冷,
要冷了,
冷啊,
冷啊,
啊又要冷了,
冷啊,
要冷了,
冷了,
相当的冷啊。,
冷,
冷,
冷,
冷,
冷了,
冷,
冷啊,
原来开始冷了,
冷,
冷啊,
这里冷啊,
给我冷,
冷,
冷,
要冷起来了,
冷,
冷,
冷呀,
冷,
冷,
冷了,
冷,
冷了,
冷,
冷,
能有多冷啊,
那么冷,
冷,
冷,
冷,
冷呀,
我们第二冷！我不骄傲,
坐标成都，正在经历比深蓝还冷的湿冷型魔法攻击~~  东北来的几个同事都快不行了,
喜提紫色,
好险，差一点冷到成都了,
紫的，去年的羽绒服有点不够用了,
最冷元旦,
我家在变紫色的路上了,
河北还好，还可以抗，看天气预报最低也零下10度,
紫了😂,
紫色的我怕过谁！,
人民日报 天气冷了，注意防范！,
广东不太冷,
别太冷，求求了,
全身都是紫色的,
我家最紫,
惹别啊  等我回广东再冷好不好,
广东预备瑟瑟发抖🥶,
保持开心最重要 冻成狗~,
我大黑龙江是真冷啊,
我家黑紫色,
我家就是那最紫的颜色,
重庆好像格格不入都这么冷了你下点雪能咋滴,
感受到冷了,
冷，今天感受到了,
我在苏州的冷风里瑟瑟发抖,
已经紫了好青的了,
但是重庆是真的冷,
在没有暖气费地方瑟瑟发抖🥶 🥶🥶🥶,
武汉很冷！,
今晚开始冷,
必须得是紫色，我家娃最喜欢的颜色,
紫色内蒙,
冷🥶🥶🥶,
好家伙变紫了,
已经却紫了,
虽然昆明是橙色，但冷的跟蓝色也差不多了。。,
看着就冷,
看着就冷哦,
看着就冷,
看着就冷,
不要冷！！,
别呀冷死了,
冷死了,
冷死了,
别了冷死了,
冷死了,
冷死了,
冷死了,
冷死了今天,
今天冷死了,
贵阳什么时候下雪光冷不下雪，简直耍流氓,
紫色区笑而不语。。,
实际是浅蓝，我的感觉是深紫,
看来羽绒终于有用武之地，冷没所谓但愿不要两天后又急剧升温，这样折腾不“打败仗”才怪,
嚯，甘肃这都紫了,
0下十五度的东北天气，感觉都要冻死了,
下周回家，看手机连云港下周-15度不晓得空调能不能救我命了,
佛山别太冷啊！我要上夜班,
我在那片紫红里[裂开1],
大平还不咋冷,
哈尔滨到底是蓝色还是紫色？,
重庆：能奈我何 但还是很冷冷冷冷......大家要注意保暖呀,
太冷了，但就是没下雪,
抗冻准备 😂,
注意防寒，今天真的好冷！,
广东准备开启速冻模式,
重庆人民表示冷的打摆子🙃,
今天17度，明天零下三度！天气预报说的！,
南方也冷了,
梅花喜欢漫天雪，冻死苍蝇未足奇。,
不下雪的城市真是又冷又不浪漫啊啊啊啊啊，重庆来场2016年那种大雪吧,
紫的发黑了要…,
我家好像是紫色,
又要冷了吗?刚刚暖和没几天,
今天刚刚刷的一下冷下来了,
我们家冷成深蓝色了,
不冷啊,
冷不,
这不冷,
快冷死了,
贵州已经开始凝冻了,
贵州凝冻了,
江苏好冷,
我们四川真的不冷,
太冷了 评论配图,
在南昌的我，想死！太冷了,
好冷,
好冷,
好冷啊,
好冷,
好冷,
好冷啊,
好冷啊！,
今天好冷呀！,
好冷,
好冷啊,
好冷,
好冷啊,
好冷,
好冷,
好冷啊,
好冷,
好冷,
好冷哦,
好冷,
好冷,
好冷哦,
好冷啊,
好冷,
好冷,
好冷,
哇好冷啊呜呜呜,
今天好冷,
好冷,
好冷,
好冷呀,
好冷,
好冷啊,
好冷啊,
今天好冷,
好冷,
好冷,
好冷啊,
好冷,
好冷,
好冷啊,
好冷,
好冷,
好冷,
好冷啊,
好冷！,
好冷,
今天早上冻得我把自己裹成了卷饼,
今天突然变冷，还下雨,
明天就冷了,
天气越来越冷，注意保暖，注意防控疫情,
湖南也冷！！！,
紫sai  耶耶耶,
最冷的时候来了,
最冷的时候来了？,
最冷,
看着图都觉得冷了,
陕南就tnd离谱，同在陕西，冷的一批，就是没有暖气,
最浅的蓝色和紫色,
我大概在蓝色和紫色中间…吧,
已经感到冷了,
冷🥶🥶,
干冷,
最冷的那个颜色,
不要光冷，下点雪吧！,
不要太冷，谢谢🙏🙏,
济南能不能别冷了,
这样的话，新冠的感染率会低吗？会在寒潮后又来一波感染高发区吗,
重庆冷的发昏u1s1,
这两天真的超冷,
感受到了，好冷,
最紫的那个就是了。大内蒙欢迎你,
大东北又冷又疫情的，绝了,
……不是吧，我重庆开了结界但还是很冷啊ಥ_ಥ,
人在北京，已经冻傻,
人在北京，冻傻了,
希望不要太冷,
川渝无感，其它区域冻感强烈,
紫茄子,
感觉我这就是最紫的地方了,
我家都紫了,
我家都紫了,
我家都紫了,
我家都紫啦,
我家都紫了,
最冷就行,
紫的发黑,
紫的发黑了,
紫得发黑,
紫到发黑,
紫到发黑,
紫的发黑,
真是紫的发黑,
最冷跨年！,
我的天呐那么冷,
天冷了,
天冷啦,
天冷了,
天冷了,
我的天哪。这，有点冷,
天啊 这么冷,
天冷了,
天冷了,
天冷了,
紫茄子来报道,
眠羊w 确实冷,
南方人瑟瑟发抖🥶,
我们家就是内又黑又紫又蓝的颜色,
别看重庆这个颜色   一样能冷哭你  不管屋里屋外,
把鸡都冻成渐变的颜色,
我家黑紫的了,
哈尔滨字都冻没了,
南方的冷空气要迟几天到达,
安徽表示马上要冻s了,
我家好像冻黑了,
湖北眀天下雪，好冷，想回去,
内蒙紫,
一觉醒来好冷,
冷的裂开了口,
人在河北的那片紫色区域,
可是重庆也……真的……很冷啊,
瑟瑟发抖🥶,
瑟瑟发抖🥶,
瑟瑟发抖🥶,
瑟瑟发抖🥶,
瑟瑟发抖🥶,
瑟瑟发抖🥶,
瑟瑟发抖🥶,
瑟瑟发抖🥶,
我家已经紫了，有事吗,
特别紫那个就是我家,
南方最冷,
晚上好冷,
北京昨天晚上冷的我以为下雨了,
现在已经很冷了,
很冷的要来了,
今天很冷,
就很冷,
天冷了,记得添衣
来呼和浩特吧，紫到发黑,
上海还行，不冷,
河南人在寒风中冻的瑟瑟发抖,
明天零下6°…学校空调不能高于16°，宿舍门上的窗户漏风这样的生活还要艰难的维持到月底啊…,
你们家冷成啥颜色了注意保暖才是王道！ ,
就问你抗不抗冻,
灬炫耀你给的好 北京都紫了,
大连今天可冷了,
蜗牛等一个因果 瑟瑟发抖🤧,
哎呀，冷到十好几度了呢,
预料之中的紫了,
马上就紫了 长春加油,
冷～,
冷～,
我家好像紫了,
坐标山东，今天真的好冷啊！,
我家在最紫的地方,
最紫的地方就是我家,
上海零下的温度，我接受不了，冻死我吧,
坐标北方，家里没暖气，我昨晚睡觉半夜腿抽筋……28号开始大雪……啊啊啊啊啊啊！我会不会冻死在屋里！,
大理真的很冷啊,
紫色 河北最北边,
哪哪都冷,
明天就要降温了 这温度一下子降好多我的天 今天热到不行 明天冷到不行,
温心提示！越来越冷了，注意保暖啊！,
超级冷,
广东不知道到时会多冷,
想变冷一点,
光看图都冷起来了,
内蒙古，我就是最紫那个崽,
好冷的天,
霸王级寒潮，那得多冷哈，还好，我北京人，家里暖气真给力啊，都出汗呢！,
冬天一个减肥的办法就是 饭吃着吃着冷了 然后剩下一半就不想吃了,
哇  西安终于要开始冷了,
哈尔滨 昨天晚上手拿出来一分钟不到冻通红,
紫sai儿,
今天早晨7点多了天还阴沉着，明显觉得冷，估计要下雪了,
冷！啊啊啊❄️❄️,
又一次寒流而来，让冬更有冻意,
紫色，如罗兰般忧郁的眼神和易碎的心,
江西和它周边的紫红色真的是哭了T﹏T,
天蓝色不穿秋裤的我好冷啊～,
蓝紫色,
蓝紫色,
我家毫无疑问的紫色,
那什么，我们家真的好紫啊。巧的是，那几天我回家。,
好像早上有点冷,
看的都冷,
南方还好现在 没感觉到多冷,
南方孩子表示:只要我有一身正气，我就不冷（bushi）,
贵州冷的要死就是不下雪,
紫色的黑龙江低保战将,
{{(&gt;_&lt;)}}冷,
商丘也冷,
特别冷,
冷👻,
已经有冷的前兆了,
广东又要冷了吗不会还要下雨吧ohno,
广东又要冷了吗不会还要下雨吧ohno,
我倒要看看明天能有多冷,
寒潮来袭，北方迎来速冻模式！,
江西冷黑了,
冷能忍受，别下雨下雪啥的添堵就行,
东北外面很冷，屋里很热,
冻成紫片了,
冷就冷点，下个雪给我看看吧,
安徽还没有供暖…我裹着羽绒服都冷🥶,
北方家里不冷，有暖气22度,
害！不怎么冷，也就-24℃,
成都感觉被世界保护了 虽然也好冷,
好冷&gt;_&lt;不过希望雪下大一点,
冷的第三档,
谁来和哈尔滨比冷,
然后我们开成人礼，穿正装，冷死人,
笑炸裂了 记得多穿点啊太冷了,
感觉好冷喔,
还好不来成都，这段时间我们还在7*24值守，这鬼天气够冷了,
安徽好冷,
专家曾在几个月前辟谣，说今年不会太冷,
好冷～,
我说今早一出门咋这么冷,
好家伙我家都紫了,
东北紫色的地方，可是我们有暖气呀，屋里热乎乎,
北京零下16－零下12度,
郑州也还好刚想说今年不是那么冷🥶,
是真的冷！！！,
我要冷死了Σ(-᷅_-᷄๑),
浙江好冷,
全球变冷,
一波冷空气准备到达！气温骤降，天气干燥，用火、用电、用气的频率也随之增加，提醒大家在做好日常保暖工作的同时，也不要忘记消防安全哦~,
紫的都快发黑了,
想想就冷😱😱😱,
我家变紫了,
广东中山十六多度左右，不算冷。,
今天冷了10度,
贵阳冷死了，抖抖抖🥶,
天气开始冷,
印布洛斯 去了之后直降十几度,
今天白天热到爆炸，现在冷得发抖了，每年都是一夜入冬的操作,
哈尔滨要冷死了,
哦买嘎，马上紫色了,
估计睡一觉起来就冷了,
蓝色。大家注意保暖，今天真的超级冷,
我在那个黑蓝色和紫色那块，室外出去一下子，棉裤好像没穿一样,
今天真冷人民日报,
要冷哭了,
冷哭,
不能冷到下雪就别降温了行吗南方人挺难受的，又没什么暖气,
南方的冷 北方人不懂,
沈阳:紫腚行,
黑龙江都已经冷的正常了,
我家冷成深蓝色的了,
安徽下周最低零下9度，最高温度零下1度，我不准备出门了 评论配图,
感觉会好冷,
部分地区将降温10摄氏度我盖了三层被子了❄️💦💨瑟瑟发抖...,
是很冷了，结冰了,
这种冷色调我还挺喜欢的,
广东现在25℃＋，过几天冷进骨头，这大起大落的天气，一周一个夏冬,
妈呀好冷,
今天好冷！！！！,
重庆湿度80% 还是很冷好不好！！！,
今天明显感觉冷了,
aianiii 看看就是很冷 记得穿厚点,
又蓝又紫,
冷到第二格了,
重庆:任外界纷扰 我岿然不动 然而还是冷,
今天真的好冷啊，风呼呼地吹，想刀子一样刮脸啊,
冷成红色,
冷成红色,
冷成红色,
也没感觉到有多冷啊,
成都真的冷得遭不住了,
看！南方真的比北方还冷,
人在浅蓝色家里已经变成紫色了,
中间发红发紫的那块真可怜……又冷又没有暖气,
冷到看不见字,
作为一个东北人觉得上海的冬天比东北还冷,
安康属于地理上的南方，北有秦岭，可是仍然那么冷!下雪天的路有多滑,
河北张家口，紫了,
我大东北啊… 冻成狗了,
西安还能有多冷,
也该冷几天了，要不然也没个冬天的样了,
没上次冷,
≤－28°c已经紫到发黑了,
起名字贼烦啊啊啊 好像哪里都冷,
深深深蓝色，真的是冷到你,
天冷了，我又觉得我行了。,
二九天了。该冷了,
上海今天好冷,
这么说吧，还没冻成冰棍儿,
好家伙黑龙江最冷的那里。,
没有暖气 没有天然气 没有炕 没有地暖 就干冷,
变冷了,
变冷了,
蓝色  今天零下24℃  冻死了要,
养月亮的日常 北方都冻黑了;-)，看看广东，都黄成啥样了,
速冻模式已开启，请注意查收！,
好冷的天气,
我家快紫了 🥶🥶🥶🥶,
我真的快冷死了,
冷成橙色,
冷成橙色了,
在一片紫色中慢慢凋零,
重庆冷得刺骨 就是不下雪 你奈它何,
看到天气预报说深圳最低四度…我的天来了十多年深圳没有见过这么冷的天气,
东北好冷,
不要啊不要啊，浙江冷的受不了,
黑龙江，就最冷的地方,
紫色边缘,
我靠南京都快紫的发黑了,
啊啊啊，好冷,
好冷啊啊,
太冷了！！！,
我穿了个马甲，确实冷了,
真的好冷呀,
真的好冷啊,
今年真的好冷,
真的冷啊,
真冷啊,
真的冷,
开始真的冷了,
呀！真冷,
真的冷,
是真的冷,
冷是真的,
真冷,
真的要冷了吗,
真冷,
是真冷,
今天是真冷,
真的冷,
真冷,
真冷,
今年是真的冷,
早就说过了，内蒙比东北冷多了，你们还不信,
零下10度到零下8度,
晚上出去冻的脑门子疼,
紫了。。。。,
紫了。。。。,
紫了。。。。,
发紫了，吓得我瑟瑟发抖,
冻透,
出去穿棉裤棉袄，回家有暖气～坐标河北张家口～不怕冷,
活下去，太冷了，今年唯一目标，坐标武汉哈哈😄,
别了吧，16年好冷啊,
不冷 反而暖和了一些,
怪不得有点冷,
我家冻的都发紫了,
好冷啊感觉,
差一点就要变成紫色啦！,
裂开了  这也太冷了,
鸡头这边太冷了,
南京太冷了,
一顿饭好次 紫色的我的天,
北京好冷,
这几天东北有点冷啊,
山西冷死,
冷不是问题 不会影响我干饭的速度,
太恐怖了，江苏苏北最低零下十几度,
橙色都受不了，那些冷了发紫的是怎么过的,
玛德。郑州今天冻的我手疼,
冷成深蓝了🥶,
好冷，我都不愿意出门,
怪不得我大河南这么冷。,
齐齐哈尔位于紫色蓝色中间✓,
上海也很冷啊！,
湖北这是一大半紫了呀一张照片告别2020,
窗外已经下雪了，室内空调开着还是冷冷冷,
在紫色的边缘疯狂试探,
紫茄子了🍆,
重庆：我咋一点儿也感觉不到冷呢,
诶呀妈呀！我感觉就现在的温度挺好的不想冷呀,
不冷，我这边21摄氏度,
我家正正好好住在了嘎嘎紫内地儿,
蓝色的，挺冷！,
合肥太冷了,
杜凯局长 要开始冷了,
南京今天越来越冷！,
太空ovo 冷,
到处都要变冷了。,
我家不冷,
这。。。也太冷了,
甘肃庆阳，今天-16°太冷了,
冷到发紫了羽绒服拿出来 暖宝宝备起来,
淦 已经冷成橙色了,
别太冷了……,
救命！！男方零下十几度简直就是化学攻击！,
天呐！广州都冷成橘色的啦😱,
北京贼冷,
我们家又紫又蓝,
二十多度的温差是要冻死谁零下十三度，我没了,
紫了嚎青的,
紫了嚎青,
贵州啥时候到下雪线  纯冷,
太冷了,
还是别太冷了吧！,
太冷了,
今天太冷了,
太冷了,
太冷了,
太冷了已经,
太冷了,
太冷了,
太冷了,
太冷了,
今天太冷了,
太冷了,
太冷了,
太冷了,
太冷了,
太冷了,
太冷了,
今天也太冷了 ,
太冷了,
太冷了,
太冷了,
太冷了,
太冷了,
别太冷,
别太冷了,
太冷了吧！,
太冷了,
太冷了,
太冷了吧,
今天冬天格外冷,
越开越冷了注意保暖啊！,
哭了哭了 我就在红色地区 我要冷死了,
嘶~好冷,
嘶~好冷,
承德好冷,
广东现在这样就挺好的，本人真的怕冷,
紫透了，太冷了救命,
内蒙古已经很冷了,
寒潮+刮风，冻🤧,
你们家冷成啥颜色了？注意保暖！ ,
这是把俺们冻成冰棍的节奏啊！皮袄皮裤，貂皮穿起来,
我们今天最好气温零下2度，最低气温零下12度,
Bizarretwoyl 最近会很冷哦宝宝,
东北冷的无法呼吸,
哈尔滨都零下28了。所以居然不是深蓝色么。,
零下1度到1度，瑟瑟发抖。,
今日大降温，大风，坐标河南，十分感冻,
很冷诶宝贝MHine_Mok,
冷空气快来吧 再不来四川就要被雾霾熏死了 情愿做冻肉也不想做熏腊肉,
蓝到发紫🥶,
我家已经成紫色了,
直接人傻了，这是要冷死我吗,
越来越冷了,
冷色调,
越来越冷了,
越来越冷了,
越来越冷了,
啊啊啊啊啊不是吧，我家紫了！！,
今年真的冷得太早了🥶🥶🥶,
又蓝又紫🤭,
哇 那蒙古国和俄罗斯得多冷啊,
太冷了，想去重庆旅游躲两天,
紫色区域人民准备好发抖了,
我这里2度，风很大，一吹更冷了,
真的超级冷呀,
冻成狗了,
已经冻成狗,
冷成黑色,
我家是多么漂亮的紫色啊,
我代表青岛的大雪向南方的兄弟姐妹们问好！！！真的冷啊！！！！！！！,
二米眈眈 好恐怖，好他妈冷,
都快冻成冷链了,
真滴冷,
冷成荧光绿,
那必须紫色害怕了,
冷的发黑了 已经,
冷到发黑了,
冷到发黑,
西安  要这么冷了嘛,
这么看的话突然觉得我们这边不是那么的冷了,
已经感受到了速冻模式了🥶,
我的妈呀东北都冻得发黑发紫了,
今早风雪，特别冷。,
贵州人民已冷疯,
昨天虽雾霾却暖和，今晨寒风敲窗，只听窗外风声呼啸，雪下了一地！冻得不敢出门！,
也就–9度吧好冷...,
我怕冷,
这是开启了速冻模式啊,
开启速冻模式,
开启速冻模式,
好～冷～啊～,
手脚冻僵,
马上成紫色了,
那一片紫看着吓人,
杭州今儿一觉起来 明显冷了,
别啊，真的冷死了都,
今天真的特别冷,
河南今年真的冷！,
紫色了，降12度,
天津都冷成狗了为啥还不下雪！,
千杯醉哇 合肥又要开始冷了,
武汉人民瑟瑟发抖，这几天十几度的气温要珍惜,
长沙别太冷了 我扛不住,
我家最冷 🙃,
长三角地区什么时候统一供暖啊东北人都说我们这冷,
俺要从紫色回天空蓝啦～,
冷的看不清字了,
冷的看不清字了,
北方家里不冷。22/22度,
为何淡黄色的成都还是很冷,
广州温度26度，你说紫不紫，哈哈哈哈，是红的,
北京冷哭了,
福建 我有记忆中第一次这么冷,
我天感觉好冷,
天津太冷了,
大长沙不配拥有姓名么？冷不冷的不说那风吹得真的要命啊。,
冷成绿色了,
冷成冰棍了已经,
广东一会26、7度，一会要降到4度，我想广东的天气是个女孩子吧！一会生气一会冷漠,
今日始，果真冷，地铁里居然冻手,
已经感受到了，比往年更冷，12月就穿上羽绒服了,
坐标浙江宁波，几年才有这么冷的天，没有暖气也没啥经验，硬抗。就是担心到时候没水。,
哎呀，我们都成黑紫了,
山东真的贼冷啊,
大山东今天冻成🐶了,
冷一下吧，是什么季节就要像什么季节。,
好冷啊啊啊啊,
别怀疑，重庆冷得批爆，这对熬夜玩手机的我相当不友好,
是真的冷啊，出门记得捂严实点,
抗冻模式准备好,
猫鼬女孩和银杏叶精 济南是真冷,
今天更冷了,
冷成、、、橙色...,
坐标广西，现在外面吹着大风。冷，暂时没有太大的感觉😂,
冷的我，都想躲冰箱里暖和暖和,
孩子脸都冻蓝了……,
黑龙江冻成狗,
这样一看两广地区依然不算太冷,
我昨晚的梦话，说了两遍好冷哦,
冷的我连家都找不到了,
北京今天好冷啊啊啊,
局地降温超14℃！今冬首个寒潮黄色预警发布据中央气象台，2020最后的冷空气即将发货！猫在家里！,
北京今年真的好冷啊,
我从一个蓝色的地方去了一个紫色的地方😂紧张,
川渝人真的要冻成狗了,
9命  已经冷的不想动了,
西安啊……零下16到零下12度,
16年一月份也有过零下六七度，小区里好多水管爆了,
紫sai那个～～～,
顶不住太冷了,
蓝色，好冷,
蓝色好冷,
东北长春，下楼走几步路买个菜穿着棉袄棉裤冻感冒了。回家就开始淌鼻涕。,
黑龙江真的特别冷,
好冷╯﹏╰,
好冷╯﹏╰,
好冷╯﹏╰,
桂林好冷,
我家冷成红色了,
一大片的🍆色里冷哭了都,
冷飕飕,
冻成蓝精灵了,
寺辰你清醒一点 要冷啦！,
深蓝和紫色那里,
湖南人表示 今年冷到让人怀疑人生，而且大家还怕会突然停电，我妈她们已经团购了火盆(订货了，还没到)，还有二十斤柴火,
定位青岛，说实话最近几天真的还不太冷,
是真的变冷了,
冷到发抖就是不下雪,
今年寒假回家可能会被冻死🙉,
蓝紫相间,
蓝紫相间呀,
安徽明天真的是超级冷,
常州下周开始逐渐零下八度伴随严重冰冻……很好我已经在收拾行李准备睡公司去拒绝开车通勤了,
今早突然冷的不能在室外玩手机了,
我家黑紫黑紫得,
明天更冷,
确实冷,
该来的，终归会来！不惧雪，不惧冷，只惧人心寒！,
不光地图上冷的发紫，我也冷的发紫,
我家冷的都快黑了,
紫了白天温度都零下了,
要来哈尔滨玩么？冷的不能喘气的那种,
新疆抗住！不能再冷了,
我家在鸡脚，还没变紫，不过也5度左右了,
今天晚上出去耳朵被冻掉了,
深蓝，还好，还没有变紫,
冷到发指,
灭霸肤色区就静静地看着你们喊冷,
齐齐哈尔 蓝紫交汇 哈哈,
不看这寒潮预警的新闻没什么感觉，刚看完瞬间就觉得冷了。,
KW_Kayla 咱俩都是最深的蓝 冻死算了,
冷成红色就....羡慕,
成都现在6度，还好，不过湿度98%😅 湿冷真的比干冷冷太多,
我这个怕冷的广东人，坚决不同意冷空气来广东！,
昨天从福建橘色地区到四川蓝色地区本人，冻成了一只狗,
�� 挖去。凌晨三点。在河源的我冷醒。27降到7。。减了20度。最重要的是。我刚刚睡得香。一阵妖风吹过来。我的窗户一阵响。我以为地震了。起床开灯把广东天气和地震局围脖刷了。唉。。我。。。,
安徽在中间不南不北的没有暖气，冬天实在是太冷了！！！,
我们这边零下20多度，将近三十度每天上学冻死,
紫色代表不了我大漠河的温度，请再出一个零下四十多度的颜色好嘛。,
从零上11度到零下8度，苏南有多久没有这么冷过了,
比冰箱还冷🙉,
内蒙快哭了(●—●) 为什么这天气刚好 又要冷了呜呜呜呜,
紫色零下30℃路过,
坐标北方，确实冷，但和2016年那次比，还是差点。,
长春表示今天很冷,
一下子就真的冷了。,
耳朵都冻僵了,
居然可以紫成那样。。。伍叁肆壹号,
今天不冷，估计明天就降温了,
现在已经很冷了 还要降温16°,
天哪，要冷飕飕了,
陕西今早比平日冷多了！,
好冷&gt;_&lt;但是为什么不下雪,
希望不是比2008年更冷,
寒流来袭，瑟瑟发抖🥶,
淡蓝色，一夜变冷又不下雪,
哈尔滨 体感零下三十度，你说我家什么颜色？,
速冻模式即将开启,
东北，冷死了受不了了，屋子里暖气温度才18℃！也没人管,
紫不溜秋,
今年真的太冷了呜呜呜呜呜呜呜呜呜呜呜呜,
真的太冷了。,
早上出去，风又大又冷ಥ_ಥ,
梅花欢喜漫天雪，冻死新冠迎新年。,
看起来都冷嗖嗖,
深蓝，快紫了,
东北一直很冷，没区别,
冷的我照片都要变黑白的了,
寒潮来袭 今天早上风也太大了吧，好冷,
室外零下10度，屋里依然是26度，以为今天外面冷屋里能凉快点呢😁,
蓝了好冷,
啊！！！！今天真的是！突然变冷,
-22 太冷了……,
魔都最冷零下7℃，我买来安慰自己很快新冠没了就可以去北方玩雪的羽绒服它终于可以提前上岗了,
重庆人民冷成蓝色了,
冷冷冷，秋裤毛裤穿起来。,
今年比去年要冷些，还没到三九就比去年最冷的时候气温还低了,
大部分地区都开始冷起来，要注意保暖和防疫啊,
不对劲，桂林在广西里可比别的城市冷多了,
都啥颜色了，耳朵冻掉了,
贵州人莫名的抖一抖！又要冻成狗了！,
记得今年有人问过我。还真的是冷冬，庚子年，金寒水冷之年啊。,
山西北部比东北都要冷吗？,
零下21的我，才发现紫了,
西安在蓝紫中间,
真冷，买好菜，在家抱窝吧,
安徽大风太冷了,
重庆温度低，湿冷，不想起来,
每次都这样，暴冷前江南这儿三天都十二四度热成狗，然后下周突然零下……,
在重庆的我冷成狗,
直接冷死，怎么还不放寒假！,
冷成茄子了都哈哈哈哈,
零下六度瑟瑟发抖,
俺们家一会儿紫一会儿蓝,
东北真太冷了 我的天 我戴两个帽子了,
冷冷冷🆘,
山西太原，明天，最低气温零下21，最高零下8,
天津零下五度到零下十二度,
深蓝色了 瑟瑟发抖,
你们重庆好歹还是零上，我们东北你在外面不戴帽子十分钟试试🥶 🥶 ，今天零下二十度,
反正川渝地区都是湿冷,
冷都不算啥，重要的是一天都在下雨,
哈尔滨耳朵要冻掉了,
有没有兴趣 做个 每年 降温图呢？ 做个对比什么的。好像 每年都冷点了吧？！,
昨晚出去吃饭羽绒服和加绒牛仔裤都没有扛住冷,
就是浅橙色的可能都不如我紫色的地方暖和 深圳明天要高冷啊,
冷冷冷重庆 下个雪呗！！,
零下23度，冻的不想说话,
西安真的冷,
西安真的冷,
但是我在重庆还是冷成狗🥶🥶🥶,
黑龙江已经冷成了深紫色,
手机都冻不好使了,
广东昨天下午还是24度晚上开始刮风今天tm8度…风又大我要冷死了🥶,
最深的蓝色，就差变紫了,
虽然但是 重庆真的很冷啊现在已经穿五件了手脚冰凉,
现在就挺好的，再冷又会半夜被冷醒N多次🙃,
黑龙江，嘎嘎冷,
重庆的感觉和蓝色是一样的 真的好冷,
七八十年代没有空调，大雪到大腿！那样的年代也没有说什么寒潮，世界末日！现在的人都是暖室里培养出来的吗？还是说卖羽绒服的都是你家亲戚！新冠病毒出来的时候都没那么积极！天气冷一点热一点就嗷嗷逼叫！,
西安表示真的不冷，而且家里有暖气快热爆了,
坐标内蒙古，最深的紫色，今天零下26度。,
明天零下二十度，瑟瑟发抖,
鉴鉴最怕冷了 你要注意保暖 想念你我是你的小鉴鉴,
真滴冷哇哇的,
上海难得也降到零下，瑟瑟发抖🙊,
好家伙，除了华南地区，其他地方都好冷,
重庆：你能想象我把他们冷成🐶，死活不下雪的行为吗？,
太冷啦 遭不住,
冻的发紫,
冻的发紫了,
冻的发紫了,
冻的发紫,
冻的发紫那个,
原来冻的发紫是这么来的,
南宁的，今晚开始北风内个吹，咱也没有集体供暖，只能靠一腔正气了。对着这片浩瀚的蓝瑟瑟发抖…,
大风加降温，太冷啦,
即使无风雨 东北太冷了吧！别出门！,
我怕冷啊😰,
冻成🐶,
今天被冻成🐶 了,
蓝色   今天真的好冷,
这让冬天减肥的我很焦灼啊 一会热死一会冷死,
冷死了，今天一下降温到11度,
想回东北，四川冬天太冷ಥ_ಥ了,
温度骤降十几度，俺快冻死了,
降温了，太冷了,
冷🥶,
冷🥶,
冷🥶,
天冷的时候记得多穿，没人催也要按时吃饭，别再像以前睡那么晚……,
周一真是冷啊，天阴沉沉的，心情也不好了,
处在内蒙的我睫毛都冻,
零下二十度我穿羽绒服都冷呢,
希望放寒假再冷！,
只能说今天冻的我直流眼泪,
今天感觉好冷╯﹏╰,
深紫色零下四五十,
北京已经零下七八度了 零下12都过过了,
冷成没好脸色了,
江西又要冷了🥶,
家在酱紫色人在淡蓝色,
呜呜呜 我快回家了 就变得越来越冷了,
嗄筱凞 我就要在零下十二度的时候去无锡🙃🙃🙃我跟领导说能不能改成周一他说不行因为周一还有别的事,
这么冷，为什么不能早点放寒假？,
今天的北京，我的耳朵快冻掉了。,
哈尔滨不紫？是因为已经不能再降了吗？,
今年真是经历过的最冷的一年，快点放寒假吧,
我看天气预报了，将从18度跌至4度～又是大跳水的节奏！瑟瑟发抖……,
广西南部感觉冷不了多久啊。对冬季毫无尊重,
4～8我就已经觉得很冷了难以想象-10以下,
贤贤易涩_92 东北都紫了,
完了，会冷死ಥ_ಥ,
我家不知道啥色，但我昨天趴着玩了会儿手机，脚尖就变成紫色了哈哈哈哈,
看到那么深的紫色真的有点害怕,
哈尔滨不冷，你看都没降温,
黑龙江：我没有办法解释...因为我已经够冷了...,
南方人，目前坐标青岛，马上我要迎来出生以来最冷的时候了。,
哈尔滨今天嘎嘎冷,
别看重庆万蓝从中一点橙，但是真的真的真的非常冷,
北方冻的发紫啊,
今天的呼市真冷,
北风呼呼的吹，雪花飘飘洒洒~~~我在风中瑟瑟发抖呀,
？！柠檬你个思密达lr 这么冷,
今天好冷啊🥶,
好冷🥶,
好冷🥶，蓝了,
我不听我不听，重庆明明啷个冷～,
确紫确紫的了,
确紫确紫的,
真的，一瞬之间感觉好冷,
冷的发抖,
妈耶！冷死掉！,
好冷，不敢骑电动车出门了。。。,
本来准备去广州那边避寒，结果那边也冷ಥ_ಥ,
太冷了今天出门感觉冻头,
内蒙古紫的发慌🥶,
已经够冷了 还降温...,
��还降呀 觉得已经很冷了,
肖之晚DAYTOY:看到那么深的紫色真的有点害怕,
安徽是又黑又紫 我谢谢它 让我体会到了寒冷裂开的感觉,
湿冷湿冷的,
我家是挺暖的，但是我在冷色调的地方读书啊，我想回家！！,
HuaYuQ 冻死了冻死了,
太冷辽前两天只单穿一条加绒牛仔裤就可以，现在加绒牛仔裤里面又套了一个加绒打底裤,
上海不怕冷，最怕的是下水道和水管扛不住,
不是吧，重庆真的冷死了🥶,
重庆，冷冷冷,
早八人冷死了 可是都冷成这样还不下雪也是很绝了,
我家都冷到发黑了,
紫色了，今天36度，我说零下,
没感觉，成都天天都一样的冷🥶,
2020年末最形象的全国 中药 化妆品 服装 市场图颜色越浅的越冷,
多么美丽的一幅彩虹图     算了，我个紫茄子在想什么🍋🍋🍋 🍋,
热的发紫，冷的也发紫,
总感觉大陆在往北移动，越来越冷了,
还好，没有紫，深蓝色而已,
紫色今天下午一点的时候零下20度,
魔都现在又是大风又是下雨的，不敢出门，冷嗖嗖… 🥶🥶🥶,
在哈尔滨冷成傻子,
沈阳表示有风嘎嘎冷,
就是降的太快了，冷的不行,
深蓝色要冻硬了,
在紫的边缘徘徊,
我是安徽芜湖的 图片上又黑又紫 下完雪据说要-8度🙃,
？？？？？？我在重庆大学城冷成什么样了,
真的害怕了害怕了，小广东人瑟瑟发抖不必搞这么大阵仗，我真的没见过世面,
南方好冷啊 什么时候放寒假啊,
好冷&gt;_&lt;,
今天好冷&gt;_&lt;,
好冷&gt;_&lt;,
今天也好冷&gt;_&lt;,
好冷&gt;_&lt;,
好冷&gt;_&lt;,
好冷啊&gt;_&lt;,
好冷&gt;_&lt;,
冻到发紫,
冻到发紫,
冻到发紫了,
冻到发紫？,
冷ಥ_ಥ,
冷ಥ_ಥ,
冷ಥ_ಥ,
冷ಥ_ಥ,
不冷，零下24度而已,
马上要升级为抗冻模式啦,
供热一会热一会冷 ,
我只想说长春的体感温度已经零下32度了，北极熊也没遭过这罪啊,
海口也很冷啊，明天降温，据说5度！！,
确实感觉很冷了,
长春都和哈尔滨一样冷了 无语,
起司吐司夫司机 这个寒潮在成都和重庆那绕开绕了个心型。但我还是觉得好冷呢,
一定是搞错了重庆应该是蓝色 好冷🥶,
长春冷的发黑,
我不活了，没法过了，太冷了14-16度，今年取暖还TMD不好，我不活了,
内蒙人今天已经不想上学了，零下二十多度，出门就冻得头疼,
内蒙古兴安盟好冷,
看图就感觉冷🥶,
深蓝色快紫色了……,
看到没有东北我就放心了 东北已经够冷了,
火锅丢了不哭 你看长春只是蓝不是紫,
紫色 真的…这天气能出来见面的 都是生死之交,
冷成深紫色，不想说话,
西安表示一出门腿都快冻掉了,
宁波蓝的，真的好冷,
零下22度，真冻😄,
我宁愿蓝色深一点，起码在家里不冷呀,
重庆其实超级冷啊啊啊啊啊啊啊啊啊啊啊,
深圳明天开始降温，最低温度6度，好冷的感觉,
真的是冷🥶 啊，这雪下的超级大啊,
深蓝马上紫了,
手机天气显示天气挺好的啊，也没有特别冷啊，为啥这里就讲的这么夸张?,
害，太冷了ಥ_ಥ,
每次看到变冷的消息都会想到一个女记者,
已经在发紫的边缘徘徊了，呼市这天气脑浆都要冻住了,
上海都发紫了，太冷了吧全被我吃了,
重庆怎么回事？也太不争气了吧，今天真的好冷，我觉得体感是蓝色，硬抗,
紫色了，室外温度-23度，体感-32度，室内22度,
河北今天真是无敌超级冷啊，飒！精神！,
现在-26℃体感温度-29℃已经紫到发黑了！坐标哈尔滨,
冷冷冷冷冷冷,
讲真  扛得住东北的零下十几度   扛不住江浙沪的零上几度别问我怎么知道的szd,
马上零下三四度的日子要来了，瑟瑟发抖,
紫色，这几天黑龙江都是零下39°，40°,
555看起来好冷正直杉今天逆袭了吗,
冻成蓝冰棍儿！,
在山西，外面现在已经开始刮风了，明天肯定很冷,
紫色，都冻的发紫了,
湖南看着要降15度左右，好冷,
为啥甘肃这么长只有我家这一坨成蓝紫色了,
又要降温了，太冷了都不愿意出门,
下周好冷呀看了看天气预报,
感觉这波冷空气放过了成都我是不是可以不用被冻死了？,
冻到发紫的就是我们家,
很冷ಥ_ಥ,
零下27度，今天出门吃饭，冻得头疼,
不知道几度，反正冷成狗了,
养猪大户郭大富 不会已经变成紫色了吧,
早上洗了个头，因为赶着上班把上半部分吹干了，等到上班处的时候头发尖都冻成棍了,
再冷冷就紫了,
-33度，紫的发黑，出门不戴帽子感觉头不在脖子上了,
没想到我居然在零下30的紫色区域呆了十天,
真的冷🥶,
明天上海-7℃，未冷先寒起来了,
总是说降温降温你倒是下个雪看看啊，我不怕冷,
中央气象台继续发布寒潮橙色预警我国中东部大部将有大风和强降温天气。注意防寒，转发提醒！,
杭州人好想去哈尔滨感受一下物理攻击的冷🥶,
简直冻成🐶了,
喔！我可怜的皖北！你为什么比同一纬度的河南地区还要冷？！！！,
太怕冷了我🥶,
冷哇哇🥶,
青蓝交界，冷,
我温州也冷到发紫，,
16度只要有了🌧️就会更冷,
冻到发紫MaryJ-ei ,
这个降温降的我耳朵都快冻没了，坐标上海,
今天还二十几度，明天应该就要冻成🐶了,
好想过夏天的姮仔 好可怕，我们在深紫色里,
我大沈阳今天冷的冻后脑勺！,
紫色与深蓝色的交接,
石家庄明天零下十一度，应该是今年最冷的时候了吧,
大北京冷飕飕，蓝蓝的一片,
嗯，冷的发紫的那块了……,
确实冷了，没有暖宝宝，简直过不下去了,
确实冷了，没有暖宝宝，简直过不下去了,
确实冷了，没有暖宝宝，简直过不下去了,
本来是只有零下18度，但是5.6级的北风一刮，体感温度是零下28度,
南方湿冷警告⚠️,
西安耳朵都给你冻掉,
冷成了紫不拉几蓝洼洼的,
在深蓝和紫之间徘徊,
虽然冷的发紫 但是有暖气,
东北吉林 冷的差点发紫了,
今年真的比往年冷太多了！一向连秋裤都不穿的我居然也抵不住穿上了加绒的裤子！还没到冬天的时候专家还辟谣了今年是百年难遇的寒冬，果然专家的话都要反着听,
冷成黑灰了，没有白，好不容易零下但是只风没雪,
冷冷冷,
冷冷冷,
冷冷冷,
冷冷冷,
冷冷冷,
冷冷冷,
冷冷冷,
冷冷冷,
冷冷冷,
冷冷冷,
红紫红紫那个,
紫色了紫色了，怎么肥四？,
零下26度的痛 不敢出门 冻哭了,
冷成茄子皮色,
我还是觉得今天这个温度就可以了，我真的不喜欢太冷9℃以下就难受,
重庆：能奈我何？ 寒潮：奈何你也冷！,
-28到-24我笑了啊，每天去上学感觉自己在冻死的边缘徘徊,
湿冷真的是令人难受,
蓝里透着紫，要命了,
全球变暖 冷也是变暖 冻死可以说热死 没毛病,
真的冷ಥ_ಥ,
早上出去冻的瑟瑟发抖,
好冷冷冷，,
冷到发紫..厉害了,
虽然还是黄的，但我就差一点冷成冰雕🐶了,
霸王级寒潮听名称就觉得很冷。,
回家赶紧找衣服！中东部大部将迎入冬最冷天气,
本来觉得北京已经够冷了，看这图我好像暖和了一点,
江浙沪皖是真的冷🥶,
家里雪糕裤衩，家外貂皮棉袜，东北人冬天的生活，越冷家里越热,
冷的发黑那就是我在的地方坐标吉林市，欢迎大家来吉林市看雾凇呀～,
后天就降到零下10°了，吓得我瑟瑟发抖,
长沙别太冷🥶 扛不住,
四川的公立小学教室小孩冻得手写不了字，不过私立小学教室有空调。,
有河北的吗 要冷死了 🥶,
这一片蓝啊啊啊啊，看着好冷，,
我们西宁，从来热也热不到哪去，冷也冷不到哪去,
你们家冷成啥颜色了 很荣幸倒数第二的颜色,
红到发紫，紫到发黑,
感觉到了，一下子温度就下降了，好冷,
南方的我怕冷🥶,
紫色，抱紧瑟瑟发抖的自己,
东北对这种冷司空见惯 。一出门，睫毛上便挂了霜 ……,
我在最紫的地方，昨天上班差点没冻死在路上,
冷的发紫,
冷的发紫,
冷的发紫,
冷的发紫,
冷的发紫,
冷的发紫,
我们已经冷的发紫了,
冷的发紫,
冷的发紫的那就是。,
冷的发紫,
冷的发紫,
冷的发紫,
冷的发紫,
冷的发紫了,
已经冷的发紫了,
冷的发紫,
冷的发紫,
冷的发紫了,
山东，今天出门真的感觉自己脸要冻掉了脑袋瓜子嗡嗡的,
呼和浩特现在零下21度，真.冻哭了,
北京今天是真的冷🥶,
多冷也得忍，如果没有疫情可以到热带地方躲躲。,
杉杉的卷毛 Deppliiii Yuzhi_tt Winniexxxxx- VE十頁 紫了,
我觉得北方已经够冷了，结果还有下降空间,
安徽又黑又紫，持续的零下，没有暖气的地方，今年冬天是真的不知道怎么过了,
可别吧，那可太冷了🥶,
早上上班耳朵差点冻掉，骑单车居然倒着走,
冷冷冷🆘🆘🤧🤧🤧,
合肥……冷到发紫！！！明天，不适合出门,
我记得是2015年比2016年的冬天要冷啊，15年才是霸王级寒潮吧,
我家马上就紫了，你家什么颜色了？❄,
冷到发紫了可还行,
扰人清梦-嘎的伟：乌鲁木齐早 就零下20度了  再冷几度也无所谓了,
真的变冷🥶,
紫色 瑟瑟发抖,
我们这两天真的非常的冷冷冷,
兰州，现在真是哪露冻哪，手指头外面半分钟立马僵,
加班回来路上冻成狗🐶,
天冷了，北京树叶快掉光了,
零下，但是不下雪，耳朵都要冻掉了,
紫色 没错 就是紫色,
我说运城要不是因为黄河就该是陕西或是河南的吧，哈哈哈哈哈每次冷都跟不上太原的节奏🤣,
广东总算不再掉队了，这两天开始冷飕飕了ಥ_ಥ,
我呼伦贝尔冷的发紫,
谢邀，蓝紫交界线处，大铁门真好吃,
零下23，没风不太冷但是有风我就很不行,
好家伙，我在深蓝色与蓝色，真的冻死我。,
我家好像紫了，学校也是深蓝,
老家冷的发紫了。,
紫色区域瑟瑟发抖,
南京零下九度 竟然没感觉到冷,
我就在这一片紫红色里…………瑟瑟发抖,
你们家冷成啥颜色了 我这边实时温度21度淡橙色,
北京时间09:02  零下34度   就是那个紫的发黑的地方,
我家是紫色的 零下31度 真好,
冻的透透的，武汉妖风太可怕了！！武汉大风,
坐标哈尔滨，冷的发紫,
东北人在南方冻得瑟瑟发抖,
中央气象台继续发布寒潮橙色预警 太冷了！,
重庆虽然不下雪，但是干冷啊，比下雪还冷,
我家内旮瘩确紫确紫的,
我大同差点冷到发紫~,
重庆赶紧加入团建，想看下雪又冷又不下雪，冷了个寂寞,
今天热昏头明天冻成🐶,
。冻紫了！！！,
冻紫了！！！,
为改名连夜充会员 要降温了哦怕冷的珠,
深蓝色但是我们都最低气温已经零下三十度了,
冷到发紫了,
冷到发紫,
冷到发紫,
冷到发紫,
冷到发紫,
冷到发紫,
冷到发紫,
冷到发紫,
冷到发紫,
冷到发紫,
冷到发紫,
冷到发紫,
冷到发紫,
冷到发紫,
冷到发紫,
冷到发紫,
冷到发紫,
冷到发紫,
冷到发紫,
冷到发紫了,
大吉林也没感觉有多冷，反正就是出去一趟腿像针扎的疼,
太冷了，送娃回来脑瓜子被风吹的嗡嗡的,
鸡冻啊鸡冻!,
后天就冷到发紫了,
纯紫色，零下30度，霍林郭勒了解一下,
成功冻紫了！,
我家竟然也冷到发紫了裹紧自己的小被子，在家办公寒潮预警升级为橙色,
江西冷到发紫了,
不懂就问北方冷的零下二三十度在城市还好集中供暖，那在农村呢怎么办我的天不敢想,
深蓝色地区表示同情紫色地区,
明天还是多等几桶水吧，零下十二度，一定全部冻起来了。到时候停水就麻烦了。,
我们现在零下14度，明天零下18度后天零下20度，循序渐进,
即将冷的发紫,
蓝到发黑，冷成乌鸡了,
今天就冻得瑟瑟发抖细小的雪花在跳舞,
上海明天零下七度，好冷,
坐标长春 在外面呆一会就要冻僵的感觉,
重庆真的好冷啊 不想起床上班的冷,
紫色紫色！！,
ceeello 你那儿居然冷到发紫…,
蓝色  出个门手和耳朵要冻掉的节奏,
冻紫了,
冻紫了,
冻紫了,
冻紫了,
冻紫了,
冻紫了,
冻紫啦,
冻紫了,
冻紫了,
冻紫了,
冻紫了,
冻紫了？,
冻紫了,
冻紫了,
冻紫了,
冻紫了,
冻紫了,
紫色了紫色了,
零下二度，真的冷呀,
中部地区冷到发紫，准备靠一生正气过冬了～,
永济华隆公司，陈经理(陈武清)不知道看到了吗，不管工人死活了吗，车间没暖气，冻的直打哆嗦，今年不知道能送上吗,
东北都紫了冻死,
紫色，快紫色了,
冻到冻哭！！北风萧萧，就差雪花了,
淡蓝吧怎么还要晚修冷死了,
冷ಥ_ಥ啊啊啊啊啊啊,
零下二十度的辽宁，今天出门冻傻我了，直哆嗦,
今天最低8，明天最低-2，后天最低-7…北方人不懂南方人的冷,
我家紫红色，看到了吗？就那个最深的紫红色,
冷到发紫我也得在那几天找房子,
蓝色竟然是负的！？不想变冷🥶,
冻成紫布流丢，黑了出溜的,
元旦广州才5度左右，都快冷死了。 在广州，抗冻靠魔法！,
北边已经冻紫了,
降温了，中东部开启速冻模式,
鸡头都冻紫了,
紫……紫色,
紫色妥妥的紫色,
冷到发紫，在没有暖气的江南，如何过,
我靠我靠，紫了紫了！！！,
重庆这个&quot;保护圈&quot;能不能抗冻一点，重庆也非常冷！！！,
但还是冷ಥ_ಥRachel-旖旎丢丢:我重庆真是,
没冷到发紫，也差不多了,
好家伙。。冷到发紫,
紫色区域人民瑟瑟发抖😱,
我们家冻紫了,
我们家冻紫了,
即将冷到发紫,
深蓝色，真冷,
我家冷的像🍆 🍆🍆🍆🍆🍆🍆🍆🍆🍆🍆 🥶 🥶🥶🥶🥶🥶🥶🥶🥶🥶🥶,
降温14-16℃，现在是4-5℃，不让我活了吗😱本来就超级怕冷来着,
湖南不能再冷了，我一广东人第一次在湖南过冬都长冻疮了（第一次知道什么是冻疮）真的冷到没人生,
央台说，再过两天海南会冻成紫色,
我都冻紫了,
冻紫了都,
冻紫了都？,
紫..紫色？！,
紫了紫了，这打哪边来的一股妖风哇,
冷就冷了吧，还特么的下着蒙蒙细雨。,
�� 好冷&gt;_&lt;,
杭州路上全是冰，路人们都包裹严实，还好今年学校有了空调，不然孩子们在冰冷的教室冻手冻脚,
啊啊啊啊啊啊啊啊，瞬间变冷,
太冷了零下7度…,
确紫确紫的，好多年没这么冷过了,
内蒙古锡林浩特市，此刻-31℃，不算很冷，就是在车里睫毛挂霜而已,
夏天热到深红色，冬天冷成紫色。。。。福建能不能供个暖,
今天开始降温了，现在是零下2度，下午开始下雪了，太冷了~,
虽然哈尔滨比北极还冷ಥ_ಥ，但我可以不出门就感受不到呀。南方没有暖气，零下十度的地方怎么过？烧火取暖么？,
深蓝色，今天出去-17℃把我冷死,
我们也很冷，夜里都零下5.6度，就是不下雪。,
哈尔滨 冻紫了,
紫啦紫啦,
紫了紫了,
紫了紫了,
紫了紫了。,
紫了紫了,
紫了紫了,
紫了紫了,
紫了紫了,
紫了紫了,
紫了紫了,
紫紫的,
我家紫了，我真的要冻死了,
中东部将开启速冻模式 天气严寒，注意取暖防凉,
要冷就直接下雪嘛，又冷还不下雪真的想死,
鸡冠子都冻紫了,
重庆这？？？我不敢相信其他地方有多冷  我在重庆冷得不想出门了,
每天最冷都零下40度以上，,
原来，真的，有冷到发紫的,
坐标内蒙古，冻紫了,
冻手冻脚,
又开始冻手冻脚了,
坐标济南，零下十多度，已经把能穿的都穿上了，昨天刚下完雪今天地上跐溜滑，等公交冻成狗,
我们黑龙江都冻紫了,
雖然冷很難受，但是不冷真的不正常，常年的暖冬已經帶來太多危害了,
冷到發紫 哈哈哈 我還挺喜歡紫色的❄️ 大家注意防寒保暖、及時添加衣物 雨雪天氣出門注意安全,
冷啊，瑟瑟发抖,
冷到发紫🥶🥶🥶🥶,
学校这头都冻到发紫了,
北京零下14度，不开暖气密封不好，是真的可以冻死人的,
真的好冷，我被冻得想要冬眠,
内蒙古冻紫了,
内蒙古冻紫了,
内蒙古冻紫了,
妈耶，紫了紫了,
蓝了吧唧紫不溜丢,
蓝不拉几 紫不溜丢,
看了一下天气，那天零下3℃！！即使躲家里空气都是冷的,
小编搞错了吧。。紫色可不是最冷的。,
内蒙古紫色，来这里感受一下零下三十度,
我家冻紫了。。。,
没有最冷只有更冷，大家注意防寒保暖哦,
看着就冷！瑟瑟发抖🥶🥶🥶,
好家伙，俺家冻紫了,
都冻紫了都,
冻僵模式开启～,
我家已经冻紫了,
我们这学校没暖气，陕西啊，最冷的时候挺冷的，学校估计1月底才放寒假,
今晚起，冷颼颼 寒風刺骨滴，各位姐妹兄弟啊   保重啊～～～～,
鸡冠都冻紫了,
重庆人看地图，看到重庆，嘿嘿，不过还是冷得很，真的冷！,
这么冷的天家里还没暖气，打电话给供暖公司什么问题都说解决不了，还说冻死算了，整天家里就10℃，打投诉电话也没人解决,
好冷好冷，大家注意保暖,
好冷好冷注意保暖,
今天冷成透骨青的颜色,
洛阳零下，没有暖气的冷🥶,
还好吧，今天我家这里最高温度零下22度，最低零下30度，不算太低！,
南方人表示很好奇紫色的温度到底多冷,
已经冻得紫啦豪青得了,
中东部迎来最冷天气，那么青藏高原呢,
哎呦，真是快要冻紫了呢,
东北都冻紫了,
注意！中东部将开启速冻模式,
注意！中东部将开启速冻模式,
川西山上真是体感最难受的地方，又冷又湿又没暖气,
冷到发紫… 再怎么上海也是南方的呀~,
黔东南某地表示，冷就冷吧，还不下雪，总觉得冷亏了呢,
冷是非常冷，雾是非常大，可就是没见雪,
我家在东北，这是什么鬼？ 哦，应该是不能再降，已经够冷。,
成都这还不冷？？？？？成都冷死了！！！,
冷归冷不下雪(纯雪)的冷空气都是耍流氓,
反正都是很冷，一夜速冻模式,
浙江好冷瑟瑟发抖,
早上送孩子上学，出门一瞬间就冻透了，已经穿的最最最厚的棉裤棉袄了，还是冷，今天最高温度零下16度,
我家都冻紫了,
我家都冻紫了,
虽然没下雪，但是我在紫色里冻的嘎巴嘎巴的🤧,
也没有特别冷 就最低气温零下二十多摄氏度吧 比东北 也算是幸福了,
黑龙江紫了紫了!!!,
寒潮继续！0℃线将到达贵州至浙江一线，南方小伙伴注意添衣,
寒潮继续！0℃线将到达贵州至浙江一线，南方小伙伴注意添衣,
寒潮继续！0℃线将到达贵州至浙江一线，南方小伙伴注意添衣,
寒潮继续！0℃线将到达贵州至浙江一线，南方小伙伴注意添衣,
寒潮继续！0℃线将到达贵州至浙江一线，南方小伙伴注意添衣,
寒潮继续！0℃线将到达贵州至浙江一线，南方小伙伴注意添衣,
寒潮继续！0℃线将到达贵州至浙江一线，南方小伙伴注意添衣,
寒潮继续！0℃线将到达贵州至浙江一线，南方小伙伴注意添衣,
寒潮继续！0℃线将到达贵州至浙江一线，南方小伙伴注意添衣,
零下20度的飘过...我觉得这才是我们东北的温度，脸都冻麻了，赶紧把围巾，手套找出来了！,
我内蒙冻紫了,
冻成紫色,
呼市冷到发紫,
北京体感零下20多，还大风，长这么大第一次遇到这么冷,
浙江不是黑就是紫，早出晚归的打工人已开始瑟瑟发抖,
变成紫色是得多冷🥶🥶🥶,
吉林省冻紫了的那块儿,
完了，我紫了！太紫了！,
只有一个请求：把我们苏南划为北方吧～昨晚下雪，一大早送孩子上学发现车上有积雪还冻着，看看温度说-1，体感-6，发动车开暖气吹玻璃～只能晚几分钟到校了,
我这紫的不能再紫了！,
紫的不能再紫了,
不是吧。广东那么冷。会冷死的,
que紫que紫的那块儿,
黑紫黑紫的,
黑紫黑紫的,
黑紫黑紫的,
黑紫黑紫的,
北京好冷！零下🥶,
今年是真的冷，瑟瑟发抖,
西安一到冬天就冷成灰色了懂得都懂，西安人民更能体会,
这冻成紫色的孩子们要怎么过呀,
很荣幸，已经冻紫了,
看着这张图就觉得冷🥶 🥶 🥶,
冷紫了已经,
紫色，紫到发黑,
零下19℃，好多年没这么冷了。真的是那那都是凉的,
冻成深紫色了,
后天零下4度了，还是下雨湿冷啊,
我这都冻紫了啊~昨晚暖气烫手，屋里感觉还是凉嗖嗖的,
我家这里是“紫不溜丢，蓝哇儿滴”,
冷就冷吧，别下雪就行,
紫的明天换雪地棉了，冻脚脚,
今天北京冷的穿着羽绒服都觉得冷,
紫黑紫黑那个  黑龙江,
传说中的冷到发紫,
我作为一个淡黄色区域的已经冷疯掉了，不知道那些紫色区域的怎么度过的,
瑟瑟发抖，太冷了,
呼和浩特往年最冷-17度左右，今年直接掉到-26,
诶呦，真的好冷。降温降得太快又太大了,
我家冻的青紫了,
中东部的人都是冷鲜肉呢，还速冻,
抱歉，冷到发紫了∠( ᐛ 」∠)＿,
冻的紫了豪青的,
太冷咯冻住咯！,
今明两天在北京被紫，难道过两天去成都继续被紫？？,
零下8度，高温零下1度，瑟瑟发抖中,
内蒙赤峰冻紫了,
冷管冷，给爷下雪,
我家～紫波溜丢的，黑波溜秋的,
别的地方下雪冷就算了嘛，我亲爱的大重庆不下雪还那么冷，果然是任性,
冬天必须冷，不冷，就不是冬天,
冷到发紫，瑞斯拜,
我们家紫黑紫黑我在考虑要不要养个企鹅,
冻成紫色！正赶上今天放假回家！冻坏我了！！！,
紫色的呼伦贝尔我家，紫的快黑了,
重庆盆地山凹凹里，寒气包围，冷啊冷....,
零下十几度，好冷啊,
我迷人的大内蒙都冻紫了,
也就紫色吧，不是特别冷,
东北的冻成紫色了,
寒潮预警升级为橙色 大家一定要注意保暖喔！！！寒潮来了，你那是什么颜色你家冷到发紫了吗,
北方都冻成紫色了,
内蒙也就零下二十多度吧 我每天在家热疯 感觉全世界都说冷 因为我在家坐月子 感受不到 哎,
受强寒潮影响，我区今夜到明天将出现剧烈降温、降雪、7～9级大风和冰冻天气，30日至元旦有严重冰冻，请防范。[----防指],
紫…紫色和最深的蓝色,
东北的，今天冻成狗，我再也不出去了。抱着暖气睡觉。可冻死我了。,
啊啊啊啊好冷零下十二度,
不是很冷就是紫了而已,
女网警说转发提示！寒潮继续！0℃线将到达贵州至浙江一线，南方小伙伴注意添衣,
很荣幸紫了紫了,
冻得紫了嚎青的,
内蒙古冻成紫色的了,
内蒙古，被冻成了紫色,
北京的风……太……冷了，而且后劲儿特别足，吹的我脑壳疼～,
呼和浩特在冷到发紫的边缘疯狂试探,
安徽太冷了 我已经瑟瑟发抖了,
好家伙，北方紫得跟灭霸的脸似的，这魔法攻击扛得住吗🙉,
内蒙已冻紫！！！！,
寒潮预警升级为橙色哦买嘎紫~这不是我想要的冬天的亚紫,
不低不低，就零下6度而已，然而我已冻成,
紫色挺好看，但是太冷了吧,
新疆降的少是因为这会我们已经零下二十度了，而不是我们这会很冷,
好巧我家这紫色是我喜欢的紫色,
为什么不放第二张大北方黑紫黑紫的图,
福州冷死人，还不下雪，所以那么冷干嘛？是刷流氓吗？,
就那个紫色，这两天出门上班冻的怀疑人生,
Seven陈先森 黑紫黑紫的,
武铁微提示寒潮继续！0℃线将到达贵州至浙江一线，南方小伙伴注意添衣,
江苏冷到发紫吊的了，就怕局面结冰高速封路，元旦节不好过呀,
紫色好吓人，四川盆地真的是冷不下来,
明天零下十二度每天大早上骑电驴上班的我瑟瑟发抖 受不了了,
卡在蓝紫的交界线瑟瑟发抖,
我家冷紫了啊,
我已经瑟瑟发抖了，明天最高温零下7度 最低零下16,
哈哈哈哈哈哈哈哈哈我笑了城仔城仔:好家伙，北方紫得跟灭霸的脸似的，这魔法攻击扛得住吗🙉,
长春今天是真的冷！！！还好昨天晚上去的冰雪新天地，要是今天去恐怕要冻傻,
冻成了紫色，手都不敢出来,
你们家冷成啥颜色了？,
你们家冷成啥颜色了？,
你们家冷成啥颜色了？,
我家冻成紫的了,
跨年将遇霸王级寒潮中东部大部将迎入冬最冷天气能活着从2020跨到2021的人，真心不容易！,
泉州好冷好冷,
跨年霸王级寒潮就要来了 寒流空降，小伙伴们赶紧翻箱倒柜找棉衣裳看着都冷,
武汉又蓝又紫像紫甘蓝,
冷冬好冷,
冷到最紫了 瑟瑟发抖,
虽然重庆有结界，但是一点儿也不影响它冷！出门两分钟手都要冻掉了……,
你们家冷成啥颜色了 深蓝？千万别发紫呀，已经破记录了！,
冷！冷！,
要冷了要冷了,
冷啊冷,
冷啊冷,
冷了冷了,
太冷了乌海都有26度了穿什么衣服才不冷啊,
青岛零下十度。。。。太冷了,
紫了太冷了,
冷的却紫,
看内蒙和东北那块都冷到紫色了  恐怖,
你家冷到发紫了吗 感觉这波降温操作很猛，有小长假出去玩的，真要做好保暖了。,
沈阳和长春中间的铁岭，今儿零下二十二度…阳台窗户都冻上了,
冻成紫茄子了,
冻成紫茄子了,
冻成紫茄子了,
冻成紫茄子,
可怕 瑟瑟发抖 怕冷,
还挺起的 不冷不冷,
南京好冷。。。好冷。。。我买了一个电火桶，一天除了上厕所睡觉都捂在里面,
寒潮蓝色预警 为什么广西每年降温都伴随下雨湿漉漉冷冰冰，“冬天”这个词一看就很生厌，为什么要有冬天这种季节,
敲紫敲紫那个,
冷成紫色了,
冷成紫色了,
冷成紫色了,
冷成紫色了,
北京太冷了。体感零下二十度,
我觉得昆明很冷，虽冷但没雪冷个寂寞,
好冷好冷,
好冷好冷！,
好冷好冷,
好冷好冷,
好冷好冷！,
好冷好冷啊 这里,
是好冷好冷的,
好冷好冷,
好冷好冷,
贵州就干冷，有本事凝冻，没本事下雪，哼╯^╰,
上海今天零下8度 真要命！来上海17年以来最冷的一天！,
都紫了 太冷了,
已经很冷了，再降十几度我真的扛不住,
南方的冷是纯冷，连个雪也不让玩,
再降要到零下了十度了西安现在已经冷的不行了。,
你家冷到发紫了吗落魄Java在线炒河粉,
我家齐齐哈尔冷紫了…………,
作为广东人 我扛不住这股冷 穿再多都觉得冷,
漂亮的紫红色，这是要让我一次冷个够吗？,
冷成紫的了,
长三角又冷又湿，冻死算了,
却紫却紫滴,
紫色，嘎嘎冷,
冷成紫色儿嘞,
就那个，最紫最紫的🥶,
原来不止红到发紫，冷了也可以发紫,
快冷成紫的了,
我们家冷成紫色了,
我们家已经冷成紫色了,
人在东北，差点手给我当场冻掉！还好明天就可以回家了，这就换个地方继续冷,
冻透！中央气象台继续发布寒潮橙色预警,
冻透！中央气象台继续发布寒潮橙色预警,
冻透！中央气象台继续发布寒潮橙色预警,
冻透！中央气象台继续发布寒潮橙色预警,
电视跨年 冷不冷跟我有嘛关系,
紫了……嘎嘎冷,
冷成紫色，冻牙,
冷了，真的冷了,
冷，真冷！,
紫色大白天的在外面练车简直不要太冷,
北京这个冬天格外的冷，我格外的盼望这座城市下雪，洁白的雪能盖住看得见和看不见的。凤凰卫视悄悄甩掉旗下凤凰金融，在国家发文要求良退情况下，凤金还诱导出借人出借，致7万出借人100亿血汗钱不能返还。如今蛋壳又暴雷，一年的租金面临被收割，奈何房东寸步不让，北京这么大，何处能安家。,
我家都紫了…真冷,
冷成紫色那个是真的吗,
冻成紫茄子🍆,
好冷真的好冷,
就是那个紫色，头都要给我冻掉了,
我家在紫与不紫的边缘,
上海的-8~-4比我家零下十几都冷。,
内蒙不算最冷的地方零下二十八度南方的小伙伴们来体验一下吧,
内蒙古冷成紫色,
真的是太冷了，都紫了,
快二九了，也该冷一冷了。到五九就逐渐暖和了，一个月的严寒期，挺住！,
三十号零下十二度。瑟瑟发抖🥶,
我们家冻紫了，现在零下22度,
真的超级冷 江苏下周开始就零下十几度了,
你们家冷成啥颜色了  来自南方对紫色的仰望,
冷，十度左右就开始觉得冷了,
明天温度骤降 零下了 感觉今年冬天好冷 刺骨的寒冷,
跨年将遇霸王级寒潮：中东部大部将迎入冬最冷天气,
从小零下三十几度是正常   近些年十几二十就感觉有点冷   唉,
太冷了， 南方人瑟瑟发抖🥶,
今天真的太冷了，人都快冻傻了，大家把棉裤都穿上再出门吧,
啊啊啊啊啊啊啊啊啊啊啊啊啊啊啊啊啊啊好冷&gt;_&lt;,
紫  确紫确紫的,
紫了，我已经冷的发抖了,
我家冷成紫的了,
蓝紫蓝紫的,
通辽科尔沁左翼中旗，室内温度12℃，你猜我冷不冷人民日报,
安徽不南不北的能不能集体供暖，好多北方人到安徽都说冷的受不了，湿冷，魔法攻击🙃🙃🙃,
什么？10度了？这是升温了啊！（坐标湖南，前段时间2度的时候我一个人躲在被窝开着电褥子冷的瑟瑟发抖，感觉哪儿都漏风）,
确紫 确紫的,
蓝色蓝色冷冷冷ಥ_ಥ,
寒潮继续！0℃线将到达贵州至浙江一线，南方小伙伴注意添衣寒潮蓝色预警,
冷……湿冷…,
那么冷的天气，学校会放假吗？感觉小孩们上课会特别冷,
冷 真的太冷了,
坐标东北，零下16到零下20，在外面等车十分钟手机冻没电,
东北马上冻的变紫的边缘,
我家都冷紫了，家在内蒙,
南方化学攻击的冷才叫冷🥶🥶🥶,
啊😫 好冷 要冷傻了,
凛冬已至，添衣保暖！ 亥时点评 中东部将开启速冻模式 中东部多地气温将降至今冬最低点,
寒潮来得及时啊，不然极度污染天气不知道会持续多少天，宁愿冷，也不想天天呼吸烟尘，天天喉咙痛！,
苏北本来就阴森森的冷，妈呀，这得多冷啊,
16年是不是上海-7度那，我家村又停水了三五天，去外面打的两桶水全被冻住了。外面太阳能热水器和水管被冻炸了,
寒潮预警升级为橙色你家冷到发紫了吗就连号称四季如夏的东部沿海地区都被迫“加入群聊”，冷空气已经按时发货，请做好防寒保暖工作哦~,
��我妈喊话来了：明天你必须穿长款羽绒服！贴冷了，必须穿！我要不要穿听她的话确实是真的冷,
太冷了太冷了,
重庆十来度就觉得冷的受不了，还要再降主要是屋里冷,
零下十二度，好冷🥶 😨 😨,
我男朋友去呼市出差，回来说重庆好冷，比零下还冷,
紫色 内蒙古兴安盟 太冷了,
冷成紫了豪青的了,
一出门冻成冰雕，比去年冷太多啦,
这个冬天有多冷 看北方冻得发紫，突然觉得武汉也没那么冷了,
成都虽然黄色，体感绝对是蓝色，冷啊，，，冷来打摆子，冬天全靠一身正气。。。。  网页链接,
霸王级寒潮，会很冷很冷吗？,
速冻模式开启，要冻成狗了！,
好冷好冷🥶,
嗯，我们东北没有你们冷，因为你们是湿冷。,
工作的城市在颜色最紫的地方，好冷🥶,
那紫色的得多冷啊 沈阳零下十六度我就受不了了 羽绒服也受不了了,
零下三度，坐标河南，冷的瑟瑟发抖,
广东都冷到发抖了，现在看来是真很冷了,
好冷&gt;_&lt;好冷,
好冷好冷&gt;_&lt;,
中东部大部将迎入冬最冷天气  开启速冻模式，愿你内心温暖如春,
我看元旦以后一周哈尔滨的气温有几天最高零下二十最低零下三十度，吓得我瑟瑟发抖，我还要出门呢,
长春-25了 今天好冷好冷 但还是出门吃了碗麻辣烫 和葡萄糖葫芦,
��  马上就紫了  你们家冷成啥颜色了,
寒潮来袭！部分地区将降温10摄氏度，北方迎速冻模式,
寒潮来袭！部分地区将降温10摄氏度，北方迎速冻模式,
我家冻紫了，坐标内蒙零下31度,
湖南真冷，比内蒙都冷。,
正从冻紫了赶回冻浅蓝的,
黑龙江已经够了冷了，不会再冷了 😂😂,
位置:内蒙古巴彦淖尔市临河区，冷成紫喀蛋,
��🥶冷冷冷冷冷冷冷,
湿冷比干冷还要恼火呀待我们重庆突出重围,
南方人在北方：上月跟随老乡初来、江苏省连云港市连云区猴嘴镇金辉优步三期一标工地做杂工，今天凌晨六点当地大雪纷飞；上工冻僵了，老板却还要求我们小工上地上一层“车库顶（钢筋层）”加盖保暖棉！这样的老板有多《黑心》，不管的我们农民工的死活……！！！！,
跨年霸王级寒潮就要来了！局地降幅16℃以上中央气象台继续发布寒潮黄色预警：预计28日至31日，中东部大部地区气温将下降10℃左右，西北地区东部、东北地区东南部、华北西部和北部、黄淮南部、江淮、江南、华南中北部等地降12—16℃，局地降幅可达16℃以上。戳图↓↓你们那要降几度？注意保暖！,
跨年霸王级寒潮就要来了！局地降幅16℃以上中央气象台继续发布寒潮黄色预警：预计28日至31日，中东部大部地区气温将下降10℃左右，西北地区东部、东北地区东南部、华北西部和北部、黄淮南部、江淮、江南、华南中北部等地降12—16℃，局地降幅可达16℃以上。戳图↓↓你们那要降几度？注意保暖！,
我在长江边上忍受零下六七℃的低温 太冷了ಥ_ಥ害怕,
一会热一会冷，现在又不冷不热还潮湿，（细软塌发油头真的很烦 也不知道该穿啥衣服了π_π,
冷死了，西安近几年中最冷的年,
哈尔滨干冷干冷🥶,
哈尔滨干冷干冷🥶,
冷就一个字，家里也冷🥶,
坐标重庆，我们真的很冷啊今天，那些蓝色的都冷成啥样了啊,
太冷了，扛不住啊。我都看见过几天天气预报0度了，长这么大就没过过5度以下的冬天。瑟瑟发抖,
城仔城仔:好家伙，北方紫得跟灭霸的脸似的，这魔法攻击扛得住吗🙉,
中东部将开启速冻模式北方越来越冷了呀，那里的朋友请一定注意保暖和出现安全。广东这里还好，现在还没穿毛衣。  中东部多地气温将降至今冬最低点,
紫了 冻紫了,
紫了我也要冻紫了,
那天宿舍还在一起说16年期末考冻到手都不会写字了，怎么今年又是考试，还更冷，给个机会写字吧,
拜托不要太冷不要太冷，我还要早起晨跑呢。,
内蒙古冷的发紫，我在零下二十八度的天气里想问一句：纯路人，这是北极吗,
内蒙早上骑电车出门给我冻哭啦，太冷啦,
快变紫色了我丢，太冷了真,
紫的发黑冻得怀疑人生……零下43度,
太冷了 尤其是南方冬日 那种绵绵密密渗透到骨头缝里的冷 让我觉得离了空调火炉和棉被就不堪忍受 竟然还要大幅度降温 这日子太难熬了,
古娜拉黑暗之神城仔城仔:好家伙，北方紫得跟灭霸的脸似的，这魔法攻击扛得住吗🙉,
你们家冷成啥颜色了？湖蓝？最低-14度,
冷成狗。   今年太冷了,
别说了，再冷，你们有上海的湿冷难受吗,
冻成深蓝色 零下十二度冻透了,
中东部大部将迎入冬最冷天气 本轮寒潮来势汹汹，并有十足的诚意冻哭你！,
注意！中东部将开启速冻模式荣戈述评v光计划冬至阳生春又来。我等待春消息呢！（荣戈博报）,
所以16年是跟我爸出门儿的那次么，北京都零下25度，大早上在加油站等车，冻的瑟瑟发抖，记忆太深刻了,
重庆你干脆再多冷一点，这么冷也不下雪挺没意思的，魔法攻击比北方可怕多了,
寒潮预警升级为橙色！你家冷到发紫了吗？,
冷的发紫？不，已经紫的发黑了,
深蓝色，差一点就变紫色了，太冷了,
零下7度，我觉得超级冷，看看地图颜色，不冷啊,
中东部将开启速冻模式 又是复制当年爆炒天然气的节奏，煤炭先行电力加速，天然气最强！,
不冷不冷零下二十七八度,
大庆的我紫了我紫了我紫了,
下雪不冷化雪冷，昨天雪，今天大太阳，但是刺骨的冷，我家窗户都冻住打不开了,
中东部大部将迎入冬最冷天气 天冷寒潮据说能抑制感冒病毒🦠但却是新冠病毒 喜欢的,
哎呀我们家冻紫了，虽然我喜欢紫色但这个真的不需要了,
宁夏石嘴山啊！今年巨坑！零下二十五度！跟往年的东北差不多了！昨天白天都零下十度！下午骑电动车去接娃带着毛线帽子还冻得脑门疼,
哈哈毫无疑问是紫的，紫的，紫的！,
哈尔滨蓝紫 今天出去上班手指头没给我冻掉了,
若说有多冷，港台会下雪。秋秋蛮吊:长沙别太冷了 我扛不住,
太冷了真的太冷了🥶,
西安人表示。。体感没有这么低 早上害怕冷穿的长羽绒服 结果也不咋冷 中午就换成短的了,
我家快冷成黑色了今日零下三十度，体感温度零下三十八,
紫了紫了 贼冷,
偏偏还要上班的时候冷到发紫元旦放假再冷也可以呀,
跨年将遇霸王级寒潮：中东部大部将迎入冬最冷天气,
跨年将遇霸王级寒潮：中东部大部将迎入冬最冷天气,
跨年将遇霸王级寒潮：中东部大部将迎入冬最冷天气,
我家已经冷成紫色了。哈尔滨今天有零下28度,
就紫色  我们家今年是最紫的紫茄子,
这天，出去一呼吸鼻孔嗓子眼都疼… 中午出去走五分钟迎风走耳朵裸在外面冻的我疼死啦！没带帽子背风走冻后脑勺！ 在这魔幻鼠年的尾巴上，忍痛把一月份西安的票退啦，上海也不去啦！在家猫着吧！,
哈尔滨太太太太太冷了最近真的超级无敌冷,
江苏～丹阳，下周也降温到零下六七℃，市区老学校小学好多教室没空调，中学几乎是家长集资安装，小学的孩子们是最抗冻的，教育局，市政府领导们都怕冷，空调开的暖暖的！,
天津浅中蓝色💙这两天的温度是零下几度但零下十几度❄️真的太冷了……🥶🥶🥶,
��传说中冻的发紫？今早真冷啊。送孩子上学感觉里面的打底裤不存在了一点点风一下就透了。,
最浅的蓝色，但是真的很冷啊🥶 ，冷风狂吼🥶 🥶 🥶,
新疆今天直接冷到手都伸不出去，五秒必僵我之前还在想我记忆里这样的画面是哪里来的，现在明白了：不是不冷，时候未到（不是）,
下周注意啦，要冷~ ~冷~~~冷~~~~了！大棉袄，二棉裤，里面套上毛衣和毛裤穿起来,
乔紫乔紫的 看见没 贼拉紫的那边就是我们,
冻着冻着就不冷🥶 了,
北方最冷零下三十度我人都冻傻了,
寒潮预警升级为橙色 瑟瑟发抖的南方紫色地带啊🥶又是羡慕有暖气的一年！熬夜不可怕，可怕的是半夜要上厕所🥶,
你们家冷成啥颜色了   冷到发紫,
靠！江西全部紫了，本身就已经很冷了，会冷死吧。,
小时候零下三十几度也没觉得多冷 现在零下二十几度就冻哭了,
我们家冷成紫色冻成肉干了,
听到有一种说法是，今年的冬天特别冷的话，明年蚊子会少一些因为大部分冻死了，是这样的吗？那活下来的没冻死的蚊子是不是特别强壮特别能吸血额…,
冻成冰棍儿了，冻手冻脚冻耳朵👂,
Lindsay_hahaha 南方都这么冷了 咱们东北供热还不足一问就说够18度就不管 多不要脸 外面天寒地冻 屋里冷飕飕,
紫色真是个神奇的颜色，既可以大红大紫，还可以冷的发紫,
报报出品必属精品！（云图太美了（我最爱的色系嘢跨年将遇霸王级寒潮：中东部大部将迎入冬最冷天气,
浅橘黄色，不冷不冷，有一年在北京零下十度我都不感觉冷，也没穿秋裤，抗冻的，我是怕热，夏至在阳朔38℃已经快化了中暑很严重,
你看嘛，嘞个哪个遭得住嘛，冷又冷得很斗是不下雪，有些城市表面看起来是黄的，其实是蓝的三伏六月天和冬腊月温差几十度，确实遭不住啊,
寒潮预警升级为橙色！你家冷到发紫了吗？,
寒潮预警升级为橙色！你家冷到发紫了吗？,
寒潮预警升级为橙色！你家冷到发紫了吗？,
寒潮预警升级为橙色！你家冷到发紫了吗？,
寒潮预警升级为橙色！你家冷到发紫了吗？,
寒潮预警升级为橙色！你家冷到发紫了吗？,
寒潮预警升级为橙色！你家冷到发紫了吗？,
寒潮预警升级为橙色！你家冷到发紫了吗？,
寒潮预警升级为橙色！你家冷到发紫了吗？,
寒潮预警升级为橙色！你家冷到发紫了吗？,
寒潮预警升级为橙色！你家冷到发紫了吗？,
我家冷得却紫却紫的,
不冷不冷也就-25度，冻惯了,
京津冀地区下周一开启速冻模式，白天气温在零下6度左右，晚上气温在零下16度左右。成为今年入冬最强冷空气！,
冷成紫色的，真快冷死了,
紫了紫了紫了，吓人吓人,
紫色紫紫色紫色,
好家伙我们直接冷成紫色 今天还有体育课直接在外面零下将近二十度站了一节课 我干燥的起静电的头发全冻住了好绝,
天津已经冻死了，再也不想去东北了。城仔城仔:好家伙，北方紫得跟灭霸的脸似的，这魔法攻击扛得住吗🙉,
你家冷到发紫了吗 太冷了！今早出门还以为外面闹艾莎公主呢,
紫色太冷了  冻死了 零下三十多度这才刚入九,
呼和浩特啊，蓝紫蓝紫的，外边真冷,
中东部多地气温将降至今冬最低点中东部将开启速冻模式这几天的天气真的是忽冷忽热呢。大家一定要注意增减衣服，不要感冒啊。,
我家屋里不冷，但出去了，真的冷，真冷,
深蓝色，真的很冷深蓝色，真的很冷,
降吧降吧，让寒风来得更猛烈些吧！近期还是煤炭表现更好，燃气退居二线，陕西黑猫 sh601015[股票]成了头部，就像郑州煤电 sh600121[股票]一般，非荐股。部分地区将降温10摄氏度微博财经 股市,
你们家冷成啥颜色了  外面多冷 家里就有多冷 南方人太难了,
太冷了太冷了太冷了求求不要刮大风啦,
局地降温超14℃！今冬首个寒潮黄色预警发布2020最后的冷空气即将发货！今明两天，寒潮主要影响区域位于新疆北部、甘肃、宁夏、陕西北部、内蒙古及华北北部等地。29日至31日，寒潮主体快速扩张南下，大风和强降温的范围将自北向南覆盖整个中东部，江淮、江南等地将遭遇14℃以上猛烈降温,
你们家冷成啥颜色了 我家冷成紫色了,
太冷了太冷了太冷了！！！！,
冷到发紫了你家冷到发紫了吗,
我老家在河北农村，前年听说家里统一把烧煤的炉子改成了天然气供暖，心里很高兴，想着家里以后就暖和了。这两天降温，问了下家里人家里，没想到老家天然气供不上，最冷的这两天政府把老百姓的暖气全部停掉了，因为改天然气，所有相亲们的煤火炉子都没有了，连土灶台也没有了，这个寒冬该怎么过？！！,
[最右]中东部大部将迎入冬最冷天气 中东部大部将速冻 小伙伴们，注意保暖啊！马上要开启速冻模式了！,
紫了紫了，趋紫趋紫的,
我家冷，我家暖气更冷，11月一号到前两天一直挺温暖，谁知道这几天降温了零下十几度了，结果供热公司人为调了温度，一说就是国家标准18度，我交暖气费是为了取暖的，不是让它暖气达标的,
紫了紫了  湖南已经冷到发紫了ಥ_ಥ,
寒潮预警升级为橙色！你家冷到发紫了吗？中央气象台早6时发布寒潮橙色预警 ,
寒潮预警升级为橙色！你家冷到发紫了吗？中央气象台早6时发布寒潮橙色预警。,
冷！屋里屋外一样冷，冷的让你无处躲藏。仅是这样就算了，还下雨！这么冷不是该下雪吗？！,
老家那里深紫色？！零下十二度左右，我的天呐，可是安徽啊，好多年没有这么低了，难以想象，太冷了我的天。前年零下七度左右手机直接冻关机，没法充电没法使用,
紫了东北真的太冷太冷了，我都要冻哭了,
中东部寒潮来袭，下周天然气、电力股还将持续～近期被誉为妖股的豫能控股 sz001896[股票]属于多概念叠加，电力、光伏、风电、充电桩……直到今天收盘也才五连板啊，还是没郑州煤电 sh600121[股票]疯狂，非荐股。中东部大部将迎入冬最冷天气微博财经 股市分析,
再有一点就紫了，但冷就冷，为什么还要刮7级大风腿都冻麻了，坐标内蒙古乌兰察布,
今天我正好从南京回家。前两天南京0度时，我也觉得很冷，在办公室也觉得脚冷，不愿意出门。但是。今天在哈尔滨下飞机，瞬间我就回想起家里被门外冷空气支配的恐惧，一秒钟我就冻透了，这还是在通道里。然后我刚才去西站上车，下大巴到北广场那一段把我要冻死了！现在，我凌晨到海拉尔，零下32℃。。。,
跨年将遇霸王级寒潮：中东部大部将迎入冬最冷天气中央气象台预计，12月28日—31日，中东部大部将下降8—10℃，西北地区东部、东北地区东南部、华北西部和北部、黄淮南部、江淮、江南、华南中北部等地降温12—14℃。这次降温幅度将堪比2016年的“霸王级”寒潮。注意保暖了！ ,
我这紫的，我去，真的太太太冷了，在东北待十多年的我赶脚这绝对是最最冷的一个冬天 每次回到家都得缓好久，甚至在外面走腿都在抖，天天零下三十多度冻得我脸贼僵,
冷.冷.冷.冷得发.发.发紫.紫啊…,
跨年将遇霸王级寒潮：中东部大部将迎入冬最冷天气中央气象台预计，12月28日—31日，中东部大部将下降8—10℃，西北地区东部、东北地区东南部、华北西部和北部、黄淮南部、江淮、江南、华南中北部等地降温12—14℃。中央气象台首席预报员孙军分析，这次降温幅度将堪比2016年的“霸王级”寒潮。,
寒潮预警升级为橙色！你家冷到发紫了吗？河北长安网: 寒潮预警升级为橙色！你家冷到发紫了吗？,
今年是庚子年，天干為庚，地支為子。《說文解字》曰：“庚，位西方，象秋時萬物庚庚有實也。”西方屬金。現在仍處在終之氣，主氣太陽寒水，客氣陽明燥金，大運為金運太過。金主刑殺。降溫時，會感覺到西北風刮得臉疼。,
寒潮预警升级为橙色！你家冷到发紫了吗？中央气象台早6时发布寒潮橙色预警。预计28日至31日，中东部大部地区气温将下降10℃左右，局地降温幅度可达16℃以上。要注意保暖了！各位亲！,
冻透！中央气象台继续发布寒潮橙色预警据中央气象台，受强冷空气影响，我国中东部大部将有大风和强降温天气。预计29日8时至31日8时，中东部大部地区气温将下降8～10℃，东北地区东南部、黄淮、江淮、江南、华南北部等地降温12～16℃，局地降温幅度可达16℃以上。注意防寒，转发提醒！,
冻透！中央气象台继续发布寒潮橙色预警据中央气象台，受强冷空气影响，我国中东部大部将有大风和强降温天气。冷冷冷啊,
0℃线将到达贵州至浙江一线 中央气象台继续发布寒潮蓝色预警：受强冷空气影响，预计，12月14日8时至15日8时，江南大部、西南地区东部、华南大部等地将先后降温6～8℃，其中，湖南西南部、贵州东南部、广西大部等地的部分地区降温可达10℃。降温过后最低气温0℃线将南压至贵州南部至浙江西北部一线,
合肥真的好冷 干冷 湿冷 超级冷 我已经形容不好了 反正早上上班路上要冻死,
寒潮预警升级为橙色！你家冷到发紫了吗？中央气象台早6时发布寒潮橙色预警。预计28日至31日，中东部大部地区气温将下降10℃左右，局地降温幅度可达16℃以上！你家啥颜色了？注意防寒保暖，转发提醒！抓紧裹紧小被子,
寒潮预警升级为橙色！你家冷到发紫了吗？中央气象台早6时发布寒潮橙色预警。预计28日至31日，中东部大部地区气温将下降10℃左右，局地降温幅度可达16℃以上！,
冻透！中央气象台继续发布寒潮橙色预警据中央气象台，受强冷空气影响，我国中东部大部将有大风和强降温天气。预计29日8时至31日8时，中东部大部地区气温将下降8～10℃，东北地区东南部、黄淮、江淮、江南、华南北部等地降温12～16℃，局地降温幅度可达16℃以上。注意防寒，转发提醒！,
